label,benchmark,engine,encoding,sample,ms,nodes,classes,iterations,stats_status,stats_source
final-r6,acgen,egglog,egglog,1,800.297,173063,,10,missing:classes,acgen.egglog.stats.json+untimed-probe[nodes]:text+acgen.egglog.stats.json
final-r6,acgen,egglog,egglog,2,832.607,173063,,10,missing:classes,acgen.egglog.stats.json+untimed-probe[nodes]:text+acgen.egglog.stats.json
final-r6,acgen,egglog,egglog,3,807.453,173063,,10,missing:classes,acgen.egglog.stats.json+untimed-probe[nodes]:text+acgen.egglog.stats.json
final-r6,acgen,egglog,egglog,4,801.182,173063,,10,missing:classes,acgen.egglog.stats.json+untimed-probe[nodes]:text+acgen.egglog.stats.json
final-r6,acgen,egglog,egglog,5,813.448,173063,,10,missing:classes,acgen.egglog.stats.json+untimed-probe[nodes]:text+acgen.egglog.stats.json
final-r6,acgen,egglog,egglog,6,831.673,173063,,10,missing:classes,acgen.egglog.stats.json+untimed-probe[nodes]:text+acgen.egglog.stats.json
final-r6,acgen,egglog,egglog,7,810.05,173063,,10,missing:classes,acgen.egglog.stats.json+untimed-probe[nodes]:text+acgen.egglog.stats.json
final-r6,acgen,egglog,egglog,8,813.687,173063,,10,missing:classes,acgen.egglog.stats.json+untimed-probe[nodes]:text+acgen.egglog.stats.json
final-r6,acgen,egglog,egglog,9,810.684,173063,,10,missing:classes,acgen.egglog.stats.json+untimed-probe[nodes]:text+acgen.egglog.stats.json
final-r6,acgen,egglog,egglog,10,814.15,173063,,10,missing:classes,acgen.egglog.stats.json+untimed-probe[nodes]:text+acgen.egglog.stats.json
final-r6,acgen,ours,rules-naive,1,6848.94,561336,2058,10,complete,text+acgen.rules.stats.json
final-r6,acgen,ours,rules-naive,2,6715.336,561336,2058,10,complete,text+acgen.rules.stats.json
final-r6,acgen,ours,rules-naive,3,7012.069,561336,2058,10,complete,text+acgen.rules.stats.json
final-r6,acgen,ours,rules-naive,4,7061.01,561336,2058,10,complete,text+acgen.rules.stats.json
final-r6,acgen,ours,rules-naive,5,6720.597,561336,2058,10,complete,text+acgen.rules.stats.json
final-r6,acgen,ours,rules-naive,6,7117.982,561336,2058,10,complete,text+acgen.rules.stats.json
final-r6,acgen,ours,rules-naive,7,6720.304,561336,2058,10,complete,text+acgen.rules.stats.json
final-r6,acgen,ours,rules-naive,8,6805.194,561336,2058,10,complete,text+acgen.rules.stats.json
final-r6,acgen,ours,rules-naive,9,6713.923,561336,2058,10,complete,text+acgen.rules.stats.json
final-r6,acgen,ours,rules-naive,10,6781.468,561336,2058,10,complete,text+acgen.rules.stats.json
final-r6,acgen,ours,rules-semi,1,16850.984,561336,2058,10,complete,text+acgen.rules.stats.json
final-r6,acgen,ours,rules-semi,2,16388.612,561336,2058,10,complete,text+acgen.rules.stats.json
final-r6,acgen,ours,rules-semi,3,16489.642,561336,2058,10,complete,text+acgen.rules.stats.json
final-r6,acgen,ours,rules-semi,4,15778.528,561336,2058,10,complete,text+acgen.rules.stats.json
final-r6,acgen,ours,rules-semi,5,15583.145,561336,2058,10,complete,text+acgen.rules.stats.json
final-r6,acgen,ours,rules-semi,6,15640.604,561336,2058,10,complete,text+acgen.rules.stats.json
final-r6,acgen,ours,rules-semi,7,15554.269,561336,2058,10,complete,text+acgen.rules.stats.json
final-r6,acgen,ours,rules-semi,8,16990.123,561336,2058,10,complete,text+acgen.rules.stats.json
final-r6,acgen,ours,rules-semi,9,18490.412,561336,2058,10,complete,text+acgen.rules.stats.json
final-r6,acgen,ours,rules-semi,10,17994.979,561336,2058,10,complete,text+acgen.rules.stats.json
final-r6,acgen,ours,native-naive,1,14.396,41,41,1,complete,text+acgen.native.stats.json
final-r6,acgen,ours,native-naive,2,10.623,41,41,1,complete,text+acgen.native.stats.json
final-r6,acgen,ours,native-naive,3,12.047,41,41,1,complete,text+acgen.native.stats.json
final-r6,acgen,ours,native-naive,4,8.544,41,41,1,complete,text+acgen.native.stats.json
final-r6,acgen,ours,native-naive,5,7.604,41,41,1,complete,text+acgen.native.stats.json
final-r6,acgen,ours,native-naive,6,8.375,41,41,1,complete,text+acgen.native.stats.json
final-r6,acgen,ours,native-naive,7,7.241,41,41,1,complete,text+acgen.native.stats.json
final-r6,acgen,ours,native-naive,8,7.537,41,41,1,complete,text+acgen.native.stats.json
final-r6,acgen,ours,native-naive,9,7.923,41,41,1,complete,text+acgen.native.stats.json
final-r6,acgen,ours,native-naive,10,7.244,41,41,1,complete,text+acgen.native.stats.json
final-r6,acgen,ours,native-semi,1,7.951,41,41,1,complete,text+acgen.native.stats.json
final-r6,acgen,ours,native-semi,2,7.333,41,41,1,complete,text+acgen.native.stats.json
final-r6,acgen,ours,native-semi,3,7.39,41,41,1,complete,text+acgen.native.stats.json
final-r6,acgen,ours,native-semi,4,7.36,41,41,1,complete,text+acgen.native.stats.json
final-r6,acgen,ours,native-semi,5,6.868,41,41,1,complete,text+acgen.native.stats.json
final-r6,acgen,ours,native-semi,6,7.327,41,41,1,complete,text+acgen.native.stats.json
final-r6,acgen,ours,native-semi,7,6.873,41,41,1,complete,text+acgen.native.stats.json
final-r6,acgen,ours,native-semi,8,7.009,41,41,1,complete,text+acgen.native.stats.json
final-r6,acgen,ours,native-semi,9,7.201,41,41,1,complete,text+acgen.native.stats.json
final-r6,acgen,ours,native-semi,10,7.42,41,41,1,complete,text+acgen.native.stats.json
final-r6,bdd,egglog,egglog,1,22.498,99,,9,missing:classes,bdd.egglog.stats.json+untimed-probe[nodes]:text+bdd.egglog.stats.json
final-r6,bdd,egglog,egglog,2,23.845,99,,9,missing:classes,bdd.egglog.stats.json+untimed-probe[nodes]:text+bdd.egglog.stats.json
final-r6,bdd,egglog,egglog,3,22.649,99,,9,missing:classes,bdd.egglog.stats.json+untimed-probe[nodes]:text+bdd.egglog.stats.json
final-r6,bdd,egglog,egglog,4,23.148,99,,9,missing:classes,bdd.egglog.stats.json+untimed-probe[nodes]:text+bdd.egglog.stats.json
final-r6,bdd,egglog,egglog,5,22.113,99,,9,missing:classes,bdd.egglog.stats.json+untimed-probe[nodes]:text+bdd.egglog.stats.json
final-r6,bdd,egglog,egglog,6,35.642,99,,9,missing:classes,bdd.egglog.stats.json+untimed-probe[nodes]:text+bdd.egglog.stats.json
final-r6,bdd,egglog,egglog,7,27.326,99,,9,missing:classes,bdd.egglog.stats.json+untimed-probe[nodes]:text+bdd.egglog.stats.json
final-r6,bdd,egglog,egglog,8,27.549,99,,9,missing:classes,bdd.egglog.stats.json+untimed-probe[nodes]:text+bdd.egglog.stats.json
final-r6,bdd,egglog,egglog,9,24.296,99,,9,missing:classes,bdd.egglog.stats.json+untimed-probe[nodes]:text+bdd.egglog.stats.json
final-r6,bdd,egglog,egglog,10,22.959,99,,9,missing:classes,bdd.egglog.stats.json+untimed-probe[nodes]:text+bdd.egglog.stats.json
final-r6,bdd,ours,rules-naive,1,28.225,337,16,9,complete,text+bdd.rules.stats.json
final-r6,bdd,ours,rules-naive,2,27.982,337,16,9,complete,text+bdd.rules.stats.json
final-r6,bdd,ours,rules-naive,3,28.921,337,16,9,complete,text+bdd.rules.stats.json
final-r6,bdd,ours,rules-naive,4,28.53,337,16,9,complete,text+bdd.rules.stats.json
final-r6,bdd,ours,rules-naive,5,28.986,337,16,9,complete,text+bdd.rules.stats.json
final-r6,bdd,ours,rules-naive,6,28.556,337,16,9,complete,text+bdd.rules.stats.json
final-r6,bdd,ours,rules-naive,7,29.377,337,16,9,complete,text+bdd.rules.stats.json
final-r6,bdd,ours,rules-naive,8,28.671,337,16,9,complete,text+bdd.rules.stats.json
final-r6,bdd,ours,rules-naive,9,29.106,337,16,9,complete,text+bdd.rules.stats.json
final-r6,bdd,ours,rules-naive,10,34.437,337,16,9,complete,text+bdd.rules.stats.json
final-r6,bdd,ours,rules-semi,1,26.033,321,16,9,complete,text+bdd.rules.stats.json
final-r6,bdd,ours,rules-semi,2,24.871,321,16,9,complete,text+bdd.rules.stats.json
final-r6,bdd,ours,rules-semi,3,24.335,321,16,9,complete,text+bdd.rules.stats.json
final-r6,bdd,ours,rules-semi,4,25.393,321,16,9,complete,text+bdd.rules.stats.json
final-r6,bdd,ours,rules-semi,5,25.497,321,16,9,complete,text+bdd.rules.stats.json
final-r6,bdd,ours,rules-semi,6,24.298,321,16,9,complete,text+bdd.rules.stats.json
final-r6,bdd,ours,rules-semi,7,23.555,321,16,9,complete,text+bdd.rules.stats.json
final-r6,bdd,ours,rules-semi,8,23.622,321,16,9,complete,text+bdd.rules.stats.json
final-r6,bdd,ours,rules-semi,9,23.522,321,16,9,complete,text+bdd.rules.stats.json
final-r6,bdd,ours,rules-semi,10,22.613,321,16,9,complete,text+bdd.rules.stats.json
final-r6,bdd,ours,native-naive,1,15.285,206,16,10,complete,text+bdd.native.stats.json
final-r6,bdd,ours,native-naive,2,15.315,206,16,10,complete,text+bdd.native.stats.json
final-r6,bdd,ours,native-naive,3,18.933,206,16,10,complete,text+bdd.native.stats.json
final-r6,bdd,ours,native-naive,4,19.559,206,16,10,complete,text+bdd.native.stats.json
final-r6,bdd,ours,native-naive,5,15.732,206,16,10,complete,text+bdd.native.stats.json
final-r6,bdd,ours,native-naive,6,19.643,206,16,10,complete,text+bdd.native.stats.json
final-r6,bdd,ours,native-naive,7,19.109,206,16,10,complete,text+bdd.native.stats.json
final-r6,bdd,ours,native-naive,8,18.602,206,16,10,complete,text+bdd.native.stats.json
final-r6,bdd,ours,native-naive,9,15.633,206,16,10,complete,text+bdd.native.stats.json
final-r6,bdd,ours,native-naive,10,17.469,206,16,10,complete,text+bdd.native.stats.json
final-r6,bdd,ours,native-semi,1,12.423,186,16,10,complete,text+bdd.native.stats.json
final-r6,bdd,ours,native-semi,2,12.241,186,16,10,complete,text+bdd.native.stats.json
final-r6,bdd,ours,native-semi,3,12.141,186,16,10,complete,text+bdd.native.stats.json
final-r6,bdd,ours,native-semi,4,11.752,186,16,10,complete,text+bdd.native.stats.json
final-r6,bdd,ours,native-semi,5,12.288,186,16,10,complete,text+bdd.native.stats.json
final-r6,bdd,ours,native-semi,6,11.406,186,16,10,complete,text+bdd.native.stats.json
final-r6,bdd,ours,native-semi,7,11.624,186,16,10,complete,text+bdd.native.stats.json
final-r6,bdd,ours,native-semi,8,11.29,186,16,10,complete,text+bdd.native.stats.json
final-r6,bdd,ours,native-semi,9,11.068,186,16,10,complete,text+bdd.native.stats.json
final-r6,bdd,ours,native-semi,10,11.017,186,16,10,complete,text+bdd.native.stats.json
final-r6,calc,egglog,egglog,1,12.364,8,,4,missing:classes,calc.egglog.stats.json+untimed-probe[nodes]:text+calc.egglog.stats.json
final-r6,calc,egglog,egglog,2,12.505,8,,4,missing:classes,calc.egglog.stats.json+untimed-probe[nodes]:text+calc.egglog.stats.json
final-r6,calc,egglog,egglog,3,11.928,8,,4,missing:classes,calc.egglog.stats.json+untimed-probe[nodes]:text+calc.egglog.stats.json
final-r6,calc,egglog,egglog,4,11.362,8,,4,missing:classes,calc.egglog.stats.json+untimed-probe[nodes]:text+calc.egglog.stats.json
final-r6,calc,egglog,egglog,5,11.568,8,,4,missing:classes,calc.egglog.stats.json+untimed-probe[nodes]:text+calc.egglog.stats.json
final-r6,calc,egglog,egglog,6,11.661,8,,4,missing:classes,calc.egglog.stats.json+untimed-probe[nodes]:text+calc.egglog.stats.json
final-r6,calc,egglog,egglog,7,11.608,8,,4,missing:classes,calc.egglog.stats.json+untimed-probe[nodes]:text+calc.egglog.stats.json
final-r6,calc,egglog,egglog,8,11.872,8,,4,missing:classes,calc.egglog.stats.json+untimed-probe[nodes]:text+calc.egglog.stats.json
final-r6,calc,egglog,egglog,9,11.453,8,,4,missing:classes,calc.egglog.stats.json+untimed-probe[nodes]:text+calc.egglog.stats.json
final-r6,calc,egglog,egglog,10,12.471,8,,4,missing:classes,calc.egglog.stats.json+untimed-probe[nodes]:text+calc.egglog.stats.json
final-r6,calc,ours,rules-naive,1,7.399,8,8,1,complete,text+calc.rules.stats.json
final-r6,calc,ours,rules-naive,2,7.631,8,8,1,complete,text+calc.rules.stats.json
final-r6,calc,ours,rules-naive,3,7.186,8,8,1,complete,text+calc.rules.stats.json
final-r6,calc,ours,rules-naive,4,7.269,8,8,1,complete,text+calc.rules.stats.json
final-r6,calc,ours,rules-naive,5,7.399,8,8,1,complete,text+calc.rules.stats.json
final-r6,calc,ours,rules-naive,6,7.577,8,8,1,complete,text+calc.rules.stats.json
final-r6,calc,ours,rules-naive,7,7.787,8,8,1,complete,text+calc.rules.stats.json
final-r6,calc,ours,rules-naive,8,7.644,8,8,1,complete,text+calc.rules.stats.json
final-r6,calc,ours,rules-naive,9,7.323,8,8,1,complete,text+calc.rules.stats.json
final-r6,calc,ours,rules-naive,10,7.7,8,8,1,complete,text+calc.rules.stats.json
final-r6,calc,ours,rules-semi,1,7.382,8,8,1,complete,text+calc.rules.stats.json
final-r6,calc,ours,rules-semi,2,7.424,8,8,1,complete,text+calc.rules.stats.json
final-r6,calc,ours,rules-semi,3,7.678,8,8,1,complete,text+calc.rules.stats.json
final-r6,calc,ours,rules-semi,4,7.66,8,8,1,complete,text+calc.rules.stats.json
final-r6,calc,ours,rules-semi,5,7.318,8,8,1,complete,text+calc.rules.stats.json
final-r6,calc,ours,rules-semi,6,7.499,8,8,1,complete,text+calc.rules.stats.json
final-r6,calc,ours,rules-semi,7,7.905,8,8,1,complete,text+calc.rules.stats.json
final-r6,calc,ours,rules-semi,8,8.559,8,8,1,complete,text+calc.rules.stats.json
final-r6,calc,ours,rules-semi,9,7.584,8,8,1,complete,text+calc.rules.stats.json
final-r6,calc,ours,rules-semi,10,7.657,8,8,1,complete,text+calc.rules.stats.json
final-r6,calc,ours,native-naive,1,7.884,8,8,1,complete,text+calc.native.stats.json
final-r6,calc,ours,native-naive,2,14.273,8,8,1,complete,text+calc.native.stats.json
final-r6,calc,ours,native-naive,3,7.472,8,8,1,complete,text+calc.native.stats.json
final-r6,calc,ours,native-naive,4,7.655,8,8,1,complete,text+calc.native.stats.json
final-r6,calc,ours,native-naive,5,7.345,8,8,1,complete,text+calc.native.stats.json
final-r6,calc,ours,native-naive,6,7.63,8,8,1,complete,text+calc.native.stats.json
final-r6,calc,ours,native-naive,7,7.662,8,8,1,complete,text+calc.native.stats.json
final-r6,calc,ours,native-naive,8,7.296,8,8,1,complete,text+calc.native.stats.json
final-r6,calc,ours,native-naive,9,7.068,8,8,1,complete,text+calc.native.stats.json
final-r6,calc,ours,native-naive,10,7.481,8,8,1,complete,text+calc.native.stats.json
final-r6,calc,ours,native-semi,1,7.44,8,8,1,complete,text+calc.native.stats.json
final-r6,calc,ours,native-semi,2,7.709,8,8,1,complete,text+calc.native.stats.json
final-r6,calc,ours,native-semi,3,7.92,8,8,1,complete,text+calc.native.stats.json
final-r6,calc,ours,native-semi,4,7.442,8,8,1,complete,text+calc.native.stats.json
final-r6,calc,ours,native-semi,5,7.476,8,8,1,complete,text+calc.native.stats.json
final-r6,calc,ours,native-semi,6,8.678,8,8,1,complete,text+calc.native.stats.json
final-r6,calc,ours,native-semi,7,7.741,8,8,1,complete,text+calc.native.stats.json
final-r6,calc,ours,native-semi,8,8.645,8,8,1,complete,text+calc.native.stats.json
final-r6,calc,ours,native-semi,9,7.157,8,8,1,complete,text+calc.native.stats.json
final-r6,calc,ours,native-semi,10,7.745,8,8,1,complete,text+calc.native.stats.json
final-r6,combinators,egglog,egglog,1,24.607,601,,11,missing:classes,combinators.egglog.stats.json+untimed-probe[nodes]:text+combinators.egglog.stats.json
final-r6,combinators,egglog,egglog,2,24.439,601,,11,missing:classes,combinators.egglog.stats.json+untimed-probe[nodes]:text+combinators.egglog.stats.json
final-r6,combinators,egglog,egglog,3,24.706,601,,11,missing:classes,combinators.egglog.stats.json+untimed-probe[nodes]:text+combinators.egglog.stats.json
final-r6,combinators,egglog,egglog,4,25.93,601,,11,missing:classes,combinators.egglog.stats.json+untimed-probe[nodes]:text+combinators.egglog.stats.json
final-r6,combinators,egglog,egglog,5,25.894,601,,11,missing:classes,combinators.egglog.stats.json+untimed-probe[nodes]:text+combinators.egglog.stats.json
final-r6,combinators,egglog,egglog,6,26.339,601,,11,missing:classes,combinators.egglog.stats.json+untimed-probe[nodes]:text+combinators.egglog.stats.json
final-r6,combinators,egglog,egglog,7,26.714,601,,11,missing:classes,combinators.egglog.stats.json+untimed-probe[nodes]:text+combinators.egglog.stats.json
final-r6,combinators,egglog,egglog,8,30.263,601,,11,missing:classes,combinators.egglog.stats.json+untimed-probe[nodes]:text+combinators.egglog.stats.json
final-r6,combinators,egglog,egglog,9,24.107,601,,11,missing:classes,combinators.egglog.stats.json+untimed-probe[nodes]:text+combinators.egglog.stats.json
final-r6,combinators,egglog,egglog,10,22.828,601,,11,missing:classes,combinators.egglog.stats.json+untimed-probe[nodes]:text+combinators.egglog.stats.json
final-r6,combinators,ours,rules-naive,1,8.605,635,330,11,complete,text+combinators.rules.stats.json
final-r6,combinators,ours,rules-naive,2,8.705,635,330,11,complete,text+combinators.rules.stats.json
final-r6,combinators,ours,rules-naive,3,8.487,635,330,11,complete,text+combinators.rules.stats.json
final-r6,combinators,ours,rules-naive,4,8.334,635,330,11,complete,text+combinators.rules.stats.json
final-r6,combinators,ours,rules-naive,5,8.796,635,330,11,complete,text+combinators.rules.stats.json
final-r6,combinators,ours,rules-naive,6,8.133,635,330,11,complete,text+combinators.rules.stats.json
final-r6,combinators,ours,rules-naive,7,8.728,635,330,11,complete,text+combinators.rules.stats.json
final-r6,combinators,ours,rules-naive,8,8.499,635,330,11,complete,text+combinators.rules.stats.json
final-r6,combinators,ours,rules-naive,9,8.574,635,330,11,complete,text+combinators.rules.stats.json
final-r6,combinators,ours,rules-naive,10,9.989,635,330,11,complete,text+combinators.rules.stats.json
final-r6,combinators,ours,rules-semi,1,9.012,635,330,11,complete,text+combinators.rules.stats.json
final-r6,combinators,ours,rules-semi,2,9.856,635,330,11,complete,text+combinators.rules.stats.json
final-r6,combinators,ours,rules-semi,3,8.754,635,330,11,complete,text+combinators.rules.stats.json
final-r6,combinators,ours,rules-semi,4,8.595,635,330,11,complete,text+combinators.rules.stats.json
final-r6,combinators,ours,rules-semi,5,8.457,635,330,11,complete,text+combinators.rules.stats.json
final-r6,combinators,ours,rules-semi,6,8.706,635,330,11,complete,text+combinators.rules.stats.json
final-r6,combinators,ours,rules-semi,7,8.228,635,330,11,complete,text+combinators.rules.stats.json
final-r6,combinators,ours,rules-semi,8,8.518,635,330,11,complete,text+combinators.rules.stats.json
final-r6,combinators,ours,rules-semi,9,8.684,635,330,11,complete,text+combinators.rules.stats.json
final-r6,combinators,ours,rules-semi,10,8.858,635,330,11,complete,text+combinators.rules.stats.json
final-r6,eqsat-basic,egglog,egglog,1,9.8,11,,3,missing:classes,eqsat-basic.egglog.stats.json+untimed-probe[nodes]:text+eqsat-basic.egglog.stats.json
final-r6,eqsat-basic,egglog,egglog,2,9.424,11,,3,missing:classes,eqsat-basic.egglog.stats.json+untimed-probe[nodes]:text+eqsat-basic.egglog.stats.json
final-r6,eqsat-basic,egglog,egglog,3,9.383,11,,3,missing:classes,eqsat-basic.egglog.stats.json+untimed-probe[nodes]:text+eqsat-basic.egglog.stats.json
final-r6,eqsat-basic,egglog,egglog,4,9.701,11,,3,missing:classes,eqsat-basic.egglog.stats.json+untimed-probe[nodes]:text+eqsat-basic.egglog.stats.json
final-r6,eqsat-basic,egglog,egglog,5,9.083,11,,3,missing:classes,eqsat-basic.egglog.stats.json+untimed-probe[nodes]:text+eqsat-basic.egglog.stats.json
final-r6,eqsat-basic,egglog,egglog,6,10.33,11,,3,missing:classes,eqsat-basic.egglog.stats.json+untimed-probe[nodes]:text+eqsat-basic.egglog.stats.json
final-r6,eqsat-basic,egglog,egglog,7,10.363,11,,3,missing:classes,eqsat-basic.egglog.stats.json+untimed-probe[nodes]:text+eqsat-basic.egglog.stats.json
final-r6,eqsat-basic,egglog,egglog,8,10.473,11,,3,missing:classes,eqsat-basic.egglog.stats.json+untimed-probe[nodes]:text+eqsat-basic.egglog.stats.json
final-r6,eqsat-basic,egglog,egglog,9,9.84,11,,3,missing:classes,eqsat-basic.egglog.stats.json+untimed-probe[nodes]:text+eqsat-basic.egglog.stats.json
final-r6,eqsat-basic,egglog,egglog,10,9.774,11,,3,missing:classes,eqsat-basic.egglog.stats.json+untimed-probe[nodes]:text+eqsat-basic.egglog.stats.json
final-r6,eqsat-basic,ours,rules-naive,1,7.632,17,11,3,complete,text+eqsat-basic.rules.stats.json
final-r6,eqsat-basic,ours,rules-naive,2,7.337,17,11,3,complete,text+eqsat-basic.rules.stats.json
final-r6,eqsat-basic,ours,rules-naive,3,7.596,17,11,3,complete,text+eqsat-basic.rules.stats.json
final-r6,eqsat-basic,ours,rules-naive,4,7.076,17,11,3,complete,text+eqsat-basic.rules.stats.json
final-r6,eqsat-basic,ours,rules-naive,5,7.553,17,11,3,complete,text+eqsat-basic.rules.stats.json
final-r6,eqsat-basic,ours,rules-naive,6,7.396,17,11,3,complete,text+eqsat-basic.rules.stats.json
final-r6,eqsat-basic,ours,rules-naive,7,7.559,17,11,3,complete,text+eqsat-basic.rules.stats.json
final-r6,eqsat-basic,ours,rules-naive,8,8.836,17,11,3,complete,text+eqsat-basic.rules.stats.json
final-r6,eqsat-basic,ours,rules-naive,9,8.865,17,11,3,complete,text+eqsat-basic.rules.stats.json
final-r6,eqsat-basic,ours,rules-naive,10,7.123,17,11,3,complete,text+eqsat-basic.rules.stats.json
final-r6,eqsat-basic,ours,rules-semi,1,7.422,17,11,3,complete,text+eqsat-basic.rules.stats.json
final-r6,eqsat-basic,ours,rules-semi,2,7.323,17,11,3,complete,text+eqsat-basic.rules.stats.json
final-r6,eqsat-basic,ours,rules-semi,3,7.104,17,11,3,complete,text+eqsat-basic.rules.stats.json
final-r6,eqsat-basic,ours,rules-semi,4,7.663,17,11,3,complete,text+eqsat-basic.rules.stats.json
final-r6,eqsat-basic,ours,rules-semi,5,7.221,17,11,3,complete,text+eqsat-basic.rules.stats.json
final-r6,eqsat-basic,ours,rules-semi,6,7.852,17,11,3,complete,text+eqsat-basic.rules.stats.json
final-r6,eqsat-basic,ours,rules-semi,7,7.98,17,11,3,complete,text+eqsat-basic.rules.stats.json
final-r6,eqsat-basic,ours,rules-semi,8,8.41,17,11,3,complete,text+eqsat-basic.rules.stats.json
final-r6,eqsat-basic,ours,rules-semi,9,8.491,17,11,3,complete,text+eqsat-basic.rules.stats.json
final-r6,eqsat-basic,ours,rules-semi,10,7.258,17,11,3,complete,text+eqsat-basic.rules.stats.json
final-r6,eqsat-basic,ours,native-naive,1,7.106,14,11,3,complete,text+eqsat-basic.native.stats.json
final-r6,eqsat-basic,ours,native-naive,2,7.871,14,11,3,complete,text+eqsat-basic.native.stats.json
final-r6,eqsat-basic,ours,native-naive,3,7.027,14,11,3,complete,text+eqsat-basic.native.stats.json
final-r6,eqsat-basic,ours,native-naive,4,7.259,14,11,3,complete,text+eqsat-basic.native.stats.json
final-r6,eqsat-basic,ours,native-naive,5,7.478,14,11,3,complete,text+eqsat-basic.native.stats.json
final-r6,eqsat-basic,ours,native-naive,6,7.979,14,11,3,complete,text+eqsat-basic.native.stats.json
final-r6,eqsat-basic,ours,native-naive,7,7.628,14,11,3,complete,text+eqsat-basic.native.stats.json
final-r6,eqsat-basic,ours,native-naive,8,7.939,14,11,3,complete,text+eqsat-basic.native.stats.json
final-r6,eqsat-basic,ours,native-naive,9,8.16,14,11,3,complete,text+eqsat-basic.native.stats.json
final-r6,eqsat-basic,ours,native-naive,10,7.617,14,11,3,complete,text+eqsat-basic.native.stats.json
final-r6,eqsat-basic,ours,native-semi,1,7.626,14,11,3,complete,text+eqsat-basic.native.stats.json
final-r6,eqsat-basic,ours,native-semi,2,7.324,14,11,3,complete,text+eqsat-basic.native.stats.json
final-r6,eqsat-basic,ours,native-semi,3,7.699,14,11,3,complete,text+eqsat-basic.native.stats.json
final-r6,eqsat-basic,ours,native-semi,4,7.347,14,11,3,complete,text+eqsat-basic.native.stats.json
final-r6,eqsat-basic,ours,native-semi,5,8.268,14,11,3,complete,text+eqsat-basic.native.stats.json
final-r6,eqsat-basic,ours,native-semi,6,7.716,14,11,3,complete,text+eqsat-basic.native.stats.json
final-r6,eqsat-basic,ours,native-semi,7,8.481,14,11,3,complete,text+eqsat-basic.native.stats.json
final-r6,eqsat-basic,ours,native-semi,8,7.597,14,11,3,complete,text+eqsat-basic.native.stats.json
final-r6,eqsat-basic,ours,native-semi,9,7.962,14,11,3,complete,text+eqsat-basic.native.stats.json
final-r6,eqsat-basic,ours,native-semi,10,8.999,14,11,3,complete,text+eqsat-basic.native.stats.json
final-r6,eqsolve,egglog,egglog,1,25.813,2110,,6,missing:classes,eqsolve.egglog.stats.json+untimed-probe[nodes]:text+eqsolve.egglog.stats.json
final-r6,eqsolve,egglog,egglog,2,22.885,2110,,6,missing:classes,eqsolve.egglog.stats.json+untimed-probe[nodes]:text+eqsolve.egglog.stats.json
final-r6,eqsolve,egglog,egglog,3,22.699,2110,,6,missing:classes,eqsolve.egglog.stats.json+untimed-probe[nodes]:text+eqsolve.egglog.stats.json
final-r6,eqsolve,egglog,egglog,4,22.785,2110,,6,missing:classes,eqsolve.egglog.stats.json+untimed-probe[nodes]:text+eqsolve.egglog.stats.json
final-r6,eqsolve,egglog,egglog,5,23.083,2110,,6,missing:classes,eqsolve.egglog.stats.json+untimed-probe[nodes]:text+eqsolve.egglog.stats.json
final-r6,eqsolve,egglog,egglog,6,22.762,2110,,6,missing:classes,eqsolve.egglog.stats.json+untimed-probe[nodes]:text+eqsolve.egglog.stats.json
final-r6,eqsolve,egglog,egglog,7,23.278,2110,,6,missing:classes,eqsolve.egglog.stats.json+untimed-probe[nodes]:text+eqsolve.egglog.stats.json
final-r6,eqsolve,egglog,egglog,8,23.837,2110,,6,missing:classes,eqsolve.egglog.stats.json+untimed-probe[nodes]:text+eqsolve.egglog.stats.json
final-r6,eqsolve,egglog,egglog,9,24.14,2110,,6,missing:classes,eqsolve.egglog.stats.json+untimed-probe[nodes]:text+eqsolve.egglog.stats.json
final-r6,eqsolve,egglog,egglog,10,24.276,2110,,6,missing:classes,eqsolve.egglog.stats.json+untimed-probe[nodes]:text+eqsolve.egglog.stats.json
final-r6,eqsolve,ours,rules-naive,1,99.609,9583,1567,6,complete,text+eqsolve.rules.stats.json
final-r6,eqsolve,ours,rules-naive,2,99.377,9583,1567,6,complete,text+eqsolve.rules.stats.json
final-r6,eqsolve,ours,rules-naive,3,98.047,9583,1567,6,complete,text+eqsolve.rules.stats.json
final-r6,eqsolve,ours,rules-naive,4,100.075,9583,1567,6,complete,text+eqsolve.rules.stats.json
final-r6,eqsolve,ours,rules-naive,5,98.745,9583,1567,6,complete,text+eqsolve.rules.stats.json
final-r6,eqsolve,ours,rules-naive,6,90.386,9583,1567,6,complete,text+eqsolve.rules.stats.json
final-r6,eqsolve,ours,rules-naive,7,95.177,9583,1567,6,complete,text+eqsolve.rules.stats.json
final-r6,eqsolve,ours,rules-naive,8,94.604,9583,1567,6,complete,text+eqsolve.rules.stats.json
final-r6,eqsolve,ours,rules-naive,9,102.208,9583,1567,6,complete,text+eqsolve.rules.stats.json
final-r6,eqsolve,ours,rules-naive,10,102.707,9583,1567,6,complete,text+eqsolve.rules.stats.json
final-r6,eqsolve,ours,rules-semi,1,98.96,9398,1563,6,complete,text+eqsolve.rules.stats.json
final-r6,eqsolve,ours,rules-semi,2,97.294,9398,1563,6,complete,text+eqsolve.rules.stats.json
final-r6,eqsolve,ours,rules-semi,3,84.514,9398,1563,6,complete,text+eqsolve.rules.stats.json
final-r6,eqsolve,ours,rules-semi,4,88.991,9398,1563,6,complete,text+eqsolve.rules.stats.json
final-r6,eqsolve,ours,rules-semi,5,97.192,9398,1563,6,complete,text+eqsolve.rules.stats.json
final-r6,eqsolve,ours,rules-semi,6,93.572,9398,1563,6,complete,text+eqsolve.rules.stats.json
final-r6,eqsolve,ours,rules-semi,7,92.209,9398,1563,6,complete,text+eqsolve.rules.stats.json
final-r6,eqsolve,ours,rules-semi,8,93.616,9398,1563,6,complete,text+eqsolve.rules.stats.json
final-r6,eqsolve,ours,rules-semi,9,90.696,9398,1563,6,complete,text+eqsolve.rules.stats.json
final-r6,eqsolve,ours,rules-semi,10,87.115,9398,1563,6,complete,text+eqsolve.rules.stats.json
final-r6,herbie,egglog,egglog,1,95.027,6,,24,missing:classes,herbie.egglog.stats.json+untimed-probe[nodes]:text+herbie.egglog.stats.json
final-r6,herbie,egglog,egglog,2,95.165,6,,24,missing:classes,herbie.egglog.stats.json+untimed-probe[nodes]:text+herbie.egglog.stats.json
final-r6,herbie,egglog,egglog,3,96.766,6,,24,missing:classes,herbie.egglog.stats.json+untimed-probe[nodes]:text+herbie.egglog.stats.json
final-r6,herbie,egglog,egglog,4,98.186,6,,24,missing:classes,herbie.egglog.stats.json+untimed-probe[nodes]:text+herbie.egglog.stats.json
final-r6,herbie,egglog,egglog,5,96.851,6,,24,missing:classes,herbie.egglog.stats.json+untimed-probe[nodes]:text+herbie.egglog.stats.json
final-r6,herbie,egglog,egglog,6,96.973,6,,24,missing:classes,herbie.egglog.stats.json+untimed-probe[nodes]:text+herbie.egglog.stats.json
final-r6,herbie,egglog,egglog,7,97.074,6,,24,missing:classes,herbie.egglog.stats.json+untimed-probe[nodes]:text+herbie.egglog.stats.json
final-r6,herbie,egglog,egglog,8,106.291,6,,24,missing:classes,herbie.egglog.stats.json+untimed-probe[nodes]:text+herbie.egglog.stats.json
final-r6,herbie,egglog,egglog,9,104.023,6,,24,missing:classes,herbie.egglog.stats.json+untimed-probe[nodes]:text+herbie.egglog.stats.json
final-r6,herbie,egglog,egglog,10,92.754,6,,24,missing:classes,herbie.egglog.stats.json+untimed-probe[nodes]:text+herbie.egglog.stats.json
final-r6,herbie,ours,rules-naive,1,33.569,11,11,1,complete,text+herbie.rules.stats.json
final-r6,herbie,ours,rules-naive,2,31.371,11,11,1,complete,text+herbie.rules.stats.json
final-r6,herbie,ours,rules-naive,3,32.943,11,11,1,complete,text+herbie.rules.stats.json
final-r6,herbie,ours,rules-naive,4,32.174,11,11,1,complete,text+herbie.rules.stats.json
final-r6,herbie,ours,rules-naive,5,31.959,11,11,1,complete,text+herbie.rules.stats.json
final-r6,herbie,ours,rules-naive,6,31.597,11,11,1,complete,text+herbie.rules.stats.json
final-r6,herbie,ours,rules-naive,7,32.504,11,11,1,complete,text+herbie.rules.stats.json
final-r6,herbie,ours,rules-naive,8,32.642,11,11,1,complete,text+herbie.rules.stats.json
final-r6,herbie,ours,rules-naive,9,30.787,11,11,1,complete,text+herbie.rules.stats.json
final-r6,herbie,ours,rules-naive,10,32.477,11,11,1,complete,text+herbie.rules.stats.json
final-r6,herbie,ours,rules-semi,1,31.245,11,11,1,complete,text+herbie.rules.stats.json
final-r6,herbie,ours,rules-semi,2,31.04,11,11,1,complete,text+herbie.rules.stats.json
final-r6,herbie,ours,rules-semi,3,31.87,11,11,1,complete,text+herbie.rules.stats.json
final-r6,herbie,ours,rules-semi,4,30.766,11,11,1,complete,text+herbie.rules.stats.json
final-r6,herbie,ours,rules-semi,5,31.284,11,11,1,complete,text+herbie.rules.stats.json
final-r6,herbie,ours,rules-semi,6,31.731,11,11,1,complete,text+herbie.rules.stats.json
final-r6,herbie,ours,rules-semi,7,31.176,11,11,1,complete,text+herbie.rules.stats.json
final-r6,herbie,ours,rules-semi,8,32.035,11,11,1,complete,text+herbie.rules.stats.json
final-r6,herbie,ours,rules-semi,9,31.582,11,11,1,complete,text+herbie.rules.stats.json
final-r6,herbie,ours,rules-semi,10,31.654,11,11,1,complete,text+herbie.rules.stats.json
final-r6,herbie,ours,native-naive,1,15.689,11,11,1,complete,text+herbie.native.stats.json
final-r6,herbie,ours,native-naive,2,16.331,11,11,1,complete,text+herbie.native.stats.json
final-r6,herbie,ours,native-naive,3,15.973,11,11,1,complete,text+herbie.native.stats.json
final-r6,herbie,ours,native-naive,4,16.182,11,11,1,complete,text+herbie.native.stats.json
final-r6,herbie,ours,native-naive,5,15.172,11,11,1,complete,text+herbie.native.stats.json
final-r6,herbie,ours,native-naive,6,15.694,11,11,1,complete,text+herbie.native.stats.json
final-r6,herbie,ours,native-naive,7,15.79,11,11,1,complete,text+herbie.native.stats.json
final-r6,herbie,ours,native-naive,8,15.838,11,11,1,complete,text+herbie.native.stats.json
final-r6,herbie,ours,native-naive,9,15.75,11,11,1,complete,text+herbie.native.stats.json
final-r6,herbie,ours,native-naive,10,16.519,11,11,1,complete,text+herbie.native.stats.json
final-r6,herbie,ours,native-semi,1,19.91,11,11,1,complete,text+herbie.native.stats.json
final-r6,herbie,ours,native-semi,2,21.128,11,11,1,complete,text+herbie.native.stats.json
final-r6,herbie,ours,native-semi,3,20.231,11,11,1,complete,text+herbie.native.stats.json
final-r6,herbie,ours,native-semi,4,19.415,11,11,1,complete,text+herbie.native.stats.json
final-r6,herbie,ours,native-semi,5,19.716,11,11,1,complete,text+herbie.native.stats.json
final-r6,herbie,ours,native-semi,6,19.771,11,11,1,complete,text+herbie.native.stats.json
final-r6,herbie,ours,native-semi,7,20.782,11,11,1,complete,text+herbie.native.stats.json
final-r6,herbie,ours,native-semi,8,26.133,11,11,1,complete,text+herbie.native.stats.json
final-r6,herbie,ours,native-semi,9,19.298,11,11,1,complete,text+herbie.native.stats.json
final-r6,herbie,ours,native-semi,10,20.44,11,11,1,complete,text+herbie.native.stats.json
final-r6,integer_math,egglog,egglog,1,14.81,100,,4,missing:classes,integer_math.egglog.stats.json+untimed-probe[nodes]:text+integer_math.egglog.stats.json
final-r6,integer_math,egglog,egglog,2,14.926,100,,4,missing:classes,integer_math.egglog.stats.json+untimed-probe[nodes]:text+integer_math.egglog.stats.json
final-r6,integer_math,egglog,egglog,3,14.407,100,,4,missing:classes,integer_math.egglog.stats.json+untimed-probe[nodes]:text+integer_math.egglog.stats.json
final-r6,integer_math,egglog,egglog,4,14.836,100,,4,missing:classes,integer_math.egglog.stats.json+untimed-probe[nodes]:text+integer_math.egglog.stats.json
final-r6,integer_math,egglog,egglog,5,18.323,100,,4,missing:classes,integer_math.egglog.stats.json+untimed-probe[nodes]:text+integer_math.egglog.stats.json
final-r6,integer_math,egglog,egglog,6,14.938,100,,4,missing:classes,integer_math.egglog.stats.json+untimed-probe[nodes]:text+integer_math.egglog.stats.json
final-r6,integer_math,egglog,egglog,7,16.153,100,,4,missing:classes,integer_math.egglog.stats.json+untimed-probe[nodes]:text+integer_math.egglog.stats.json
final-r6,integer_math,egglog,egglog,8,18.101,100,,4,missing:classes,integer_math.egglog.stats.json+untimed-probe[nodes]:text+integer_math.egglog.stats.json
final-r6,integer_math,egglog,egglog,9,17.188,100,,4,missing:classes,integer_math.egglog.stats.json+untimed-probe[nodes]:text+integer_math.egglog.stats.json
final-r6,integer_math,egglog,egglog,10,16.255,100,,4,missing:classes,integer_math.egglog.stats.json+untimed-probe[nodes]:text+integer_math.egglog.stats.json
final-r6,integer_math,ours,rules-naive,1,8.455,116,49,4,complete,text+integer_math.rules.stats.json
final-r6,integer_math,ours,rules-naive,2,10.238,116,49,4,complete,text+integer_math.rules.stats.json
final-r6,integer_math,ours,rules-naive,3,8.485,116,49,4,complete,text+integer_math.rules.stats.json
final-r6,integer_math,ours,rules-naive,4,8.155,116,49,4,complete,text+integer_math.rules.stats.json
final-r6,integer_math,ours,rules-naive,5,8.054,116,49,4,complete,text+integer_math.rules.stats.json
final-r6,integer_math,ours,rules-naive,6,8.067,116,49,4,complete,text+integer_math.rules.stats.json
final-r6,integer_math,ours,rules-naive,7,8.165,116,49,4,complete,text+integer_math.rules.stats.json
final-r6,integer_math,ours,rules-naive,8,8.972,116,49,4,complete,text+integer_math.rules.stats.json
final-r6,integer_math,ours,rules-naive,9,8.382,116,49,4,complete,text+integer_math.rules.stats.json
final-r6,integer_math,ours,rules-naive,10,7.823,116,49,4,complete,text+integer_math.rules.stats.json
final-r6,integer_math,ours,rules-semi,1,7.845,116,49,4,complete,text+integer_math.rules.stats.json
final-r6,integer_math,ours,rules-semi,2,8.207,116,49,4,complete,text+integer_math.rules.stats.json
final-r6,integer_math,ours,rules-semi,3,7.891,116,49,4,complete,text+integer_math.rules.stats.json
final-r6,integer_math,ours,rules-semi,4,7.534,116,49,4,complete,text+integer_math.rules.stats.json
final-r6,integer_math,ours,rules-semi,5,7.754,116,49,4,complete,text+integer_math.rules.stats.json
final-r6,integer_math,ours,rules-semi,6,7.67,116,49,4,complete,text+integer_math.rules.stats.json
final-r6,integer_math,ours,rules-semi,7,8.308,116,49,4,complete,text+integer_math.rules.stats.json
final-r6,integer_math,ours,rules-semi,8,8.472,116,49,4,complete,text+integer_math.rules.stats.json
final-r6,integer_math,ours,rules-semi,9,7.895,116,49,4,complete,text+integer_math.rules.stats.json
final-r6,integer_math,ours,rules-semi,10,8.331,116,49,4,complete,text+integer_math.rules.stats.json
final-r6,integer_math,ours,native-naive,1,7.581,34,24,4,complete,text+integer_math.native.stats.json
final-r6,integer_math,ours,native-naive,2,7.276,34,24,4,complete,text+integer_math.native.stats.json
final-r6,integer_math,ours,native-naive,3,7.8,34,24,4,complete,text+integer_math.native.stats.json
final-r6,integer_math,ours,native-naive,4,7.548,34,24,4,complete,text+integer_math.native.stats.json
final-r6,integer_math,ours,native-naive,5,7.654,34,24,4,complete,text+integer_math.native.stats.json
final-r6,integer_math,ours,native-naive,6,7.605,34,24,4,complete,text+integer_math.native.stats.json
final-r6,integer_math,ours,native-naive,7,8.045,34,24,4,complete,text+integer_math.native.stats.json
final-r6,integer_math,ours,native-naive,8,8.741,34,24,4,complete,text+integer_math.native.stats.json
final-r6,integer_math,ours,native-naive,9,7.542,34,24,4,complete,text+integer_math.native.stats.json
final-r6,integer_math,ours,native-naive,10,7.723,34,24,4,complete,text+integer_math.native.stats.json
final-r6,integer_math,ours,native-semi,1,7.725,34,24,4,complete,text+integer_math.native.stats.json
final-r6,integer_math,ours,native-semi,2,7.679,34,24,4,complete,text+integer_math.native.stats.json
final-r6,integer_math,ours,native-semi,3,8.322,34,24,4,complete,text+integer_math.native.stats.json
final-r6,integer_math,ours,native-semi,4,7.792,34,24,4,complete,text+integer_math.native.stats.json
final-r6,integer_math,ours,native-semi,5,7.777,34,24,4,complete,text+integer_math.native.stats.json
final-r6,integer_math,ours,native-semi,6,7.729,34,24,4,complete,text+integer_math.native.stats.json
final-r6,integer_math,ours,native-semi,7,8.096,34,24,4,complete,text+integer_math.native.stats.json
final-r6,integer_math,ours,native-semi,8,8.518,34,24,4,complete,text+integer_math.native.stats.json
final-r6,integer_math,ours,native-semi,9,8.07,34,24,4,complete,text+integer_math.native.stats.json
final-r6,integer_math,ours,native-semi,10,8.167,34,24,4,complete,text+integer_math.native.stats.json
final-r6,intersection,egglog,egglog,1,9.791,22,,3,missing:classes,intersection.egglog.stats.json+untimed-probe[nodes]:text+intersection.egglog.stats.json
final-r6,intersection,egglog,egglog,2,10.968,22,,3,missing:classes,intersection.egglog.stats.json+untimed-probe[nodes]:text+intersection.egglog.stats.json
final-r6,intersection,egglog,egglog,3,10.829,22,,3,missing:classes,intersection.egglog.stats.json+untimed-probe[nodes]:text+intersection.egglog.stats.json
final-r6,intersection,egglog,egglog,4,11.075,22,,3,missing:classes,intersection.egglog.stats.json+untimed-probe[nodes]:text+intersection.egglog.stats.json
final-r6,intersection,egglog,egglog,5,9.592,22,,3,missing:classes,intersection.egglog.stats.json+untimed-probe[nodes]:text+intersection.egglog.stats.json
final-r6,intersection,egglog,egglog,6,11.184,22,,3,missing:classes,intersection.egglog.stats.json+untimed-probe[nodes]:text+intersection.egglog.stats.json
final-r6,intersection,egglog,egglog,7,10.456,22,,3,missing:classes,intersection.egglog.stats.json+untimed-probe[nodes]:text+intersection.egglog.stats.json
final-r6,intersection,egglog,egglog,8,10.75,22,,3,missing:classes,intersection.egglog.stats.json+untimed-probe[nodes]:text+intersection.egglog.stats.json
final-r6,intersection,egglog,egglog,9,10.727,22,,3,missing:classes,intersection.egglog.stats.json+untimed-probe[nodes]:text+intersection.egglog.stats.json
final-r6,intersection,egglog,egglog,10,10.868,22,,3,missing:classes,intersection.egglog.stats.json+untimed-probe[nodes]:text+intersection.egglog.stats.json
final-r6,intersection,ours,rules-naive,1,8.167,28,20,3,complete,text+intersection.rules.stats.json
final-r6,intersection,ours,rules-naive,2,12.341,28,20,3,complete,text+intersection.rules.stats.json
final-r6,intersection,ours,rules-naive,3,7.342,28,20,3,complete,text+intersection.rules.stats.json
final-r6,intersection,ours,rules-naive,4,7.814,28,20,3,complete,text+intersection.rules.stats.json
final-r6,intersection,ours,rules-naive,5,7.904,28,20,3,complete,text+intersection.rules.stats.json
final-r6,intersection,ours,rules-naive,6,7.765,28,20,3,complete,text+intersection.rules.stats.json
final-r6,intersection,ours,rules-naive,7,7.839,28,20,3,complete,text+intersection.rules.stats.json
final-r6,intersection,ours,rules-naive,8,7.812,28,20,3,complete,text+intersection.rules.stats.json
final-r6,intersection,ours,rules-naive,9,7.96,28,20,3,complete,text+intersection.rules.stats.json
final-r6,intersection,ours,rules-naive,10,7.636,28,20,3,complete,text+intersection.rules.stats.json
final-r6,intersection,ours,rules-semi,1,8.158,28,20,3,complete,text+intersection.rules.stats.json
final-r6,intersection,ours,rules-semi,2,9.208,28,20,3,complete,text+intersection.rules.stats.json
final-r6,intersection,ours,rules-semi,3,7.632,28,20,3,complete,text+intersection.rules.stats.json
final-r6,intersection,ours,rules-semi,4,7.499,28,20,3,complete,text+intersection.rules.stats.json
final-r6,intersection,ours,rules-semi,5,8.36,28,20,3,complete,text+intersection.rules.stats.json
final-r6,intersection,ours,rules-semi,6,7.675,28,20,3,complete,text+intersection.rules.stats.json
final-r6,intersection,ours,rules-semi,7,8.446,28,20,3,complete,text+intersection.rules.stats.json
final-r6,intersection,ours,rules-semi,8,12.738,28,20,3,complete,text+intersection.rules.stats.json
final-r6,intersection,ours,rules-semi,9,8.23,28,20,3,complete,text+intersection.rules.stats.json
final-r6,intersection,ours,rules-semi,10,7.551,28,20,3,complete,text+intersection.rules.stats.json
final-r6,knapsack,egglog,egglog,1,18.634,139,,15,missing:classes,knapsack.egglog.stats.json+untimed-probe[nodes]:text+knapsack.egglog.stats.json
final-r6,knapsack,egglog,egglog,2,18.263,139,,15,missing:classes,knapsack.egglog.stats.json+untimed-probe[nodes]:text+knapsack.egglog.stats.json
final-r6,knapsack,egglog,egglog,3,16.917,139,,15,missing:classes,knapsack.egglog.stats.json+untimed-probe[nodes]:text+knapsack.egglog.stats.json
final-r6,knapsack,egglog,egglog,4,17.556,139,,15,missing:classes,knapsack.egglog.stats.json+untimed-probe[nodes]:text+knapsack.egglog.stats.json
final-r6,knapsack,egglog,egglog,5,16.361,139,,15,missing:classes,knapsack.egglog.stats.json+untimed-probe[nodes]:text+knapsack.egglog.stats.json
final-r6,knapsack,egglog,egglog,6,16.363,139,,15,missing:classes,knapsack.egglog.stats.json+untimed-probe[nodes]:text+knapsack.egglog.stats.json
final-r6,knapsack,egglog,egglog,7,15.803,139,,15,missing:classes,knapsack.egglog.stats.json+untimed-probe[nodes]:text+knapsack.egglog.stats.json
final-r6,knapsack,egglog,egglog,8,15.864,139,,15,missing:classes,knapsack.egglog.stats.json+untimed-probe[nodes]:text+knapsack.egglog.stats.json
final-r6,knapsack,egglog,egglog,9,15.774,139,,15,missing:classes,knapsack.egglog.stats.json+untimed-probe[nodes]:text+knapsack.egglog.stats.json
final-r6,knapsack,egglog,egglog,10,15.425,139,,15,missing:classes,knapsack.egglog.stats.json+untimed-probe[nodes]:text+knapsack.egglog.stats.json
final-r6,knapsack,ours,rules-naive,1,8.707,276,55,15,complete,text+knapsack.rules.stats.json
final-r6,knapsack,ours,rules-naive,2,8.537,276,55,15,complete,text+knapsack.rules.stats.json
final-r6,knapsack,ours,rules-naive,3,8.326,276,55,15,complete,text+knapsack.rules.stats.json
final-r6,knapsack,ours,rules-naive,4,8.746,276,55,15,complete,text+knapsack.rules.stats.json
final-r6,knapsack,ours,rules-naive,5,8.35,276,55,15,complete,text+knapsack.rules.stats.json
final-r6,knapsack,ours,rules-naive,6,8.35,276,55,15,complete,text+knapsack.rules.stats.json
final-r6,knapsack,ours,rules-naive,7,9.849,276,55,15,complete,text+knapsack.rules.stats.json
final-r6,knapsack,ours,rules-naive,8,8.441,276,55,15,complete,text+knapsack.rules.stats.json
final-r6,knapsack,ours,rules-naive,9,8.688,276,55,15,complete,text+knapsack.rules.stats.json
final-r6,knapsack,ours,rules-naive,10,8.099,276,55,15,complete,text+knapsack.rules.stats.json
final-r6,knapsack,ours,rules-semi,1,8.68,276,55,15,complete,text+knapsack.rules.stats.json
final-r6,knapsack,ours,rules-semi,2,8.441,276,55,15,complete,text+knapsack.rules.stats.json
final-r6,knapsack,ours,rules-semi,3,9.238,276,55,15,complete,text+knapsack.rules.stats.json
final-r6,knapsack,ours,rules-semi,4,8.632,276,55,15,complete,text+knapsack.rules.stats.json
final-r6,knapsack,ours,rules-semi,5,8.529,276,55,15,complete,text+knapsack.rules.stats.json
final-r6,knapsack,ours,rules-semi,6,9.194,276,55,15,complete,text+knapsack.rules.stats.json
final-r6,knapsack,ours,rules-semi,7,8.76,276,55,15,complete,text+knapsack.rules.stats.json
final-r6,knapsack,ours,rules-semi,8,8.856,276,55,15,complete,text+knapsack.rules.stats.json
final-r6,knapsack,ours,rules-semi,9,8.616,276,55,15,complete,text+knapsack.rules.stats.json
final-r6,knapsack,ours,rules-semi,10,8.777,276,55,15,complete,text+knapsack.rules.stats.json
final-r6,levenshtein-distance,egglog,egglog,1,21.688,203,,21,missing:classes,levenshtein-distance.egglog.stats.json+untimed-probe[nodes]:text+levenshtein-distance.egglog.stats.json
final-r6,levenshtein-distance,egglog,egglog,2,22.969,203,,21,missing:classes,levenshtein-distance.egglog.stats.json+untimed-probe[nodes]:text+levenshtein-distance.egglog.stats.json
final-r6,levenshtein-distance,egglog,egglog,3,21.703,203,,21,missing:classes,levenshtein-distance.egglog.stats.json+untimed-probe[nodes]:text+levenshtein-distance.egglog.stats.json
final-r6,levenshtein-distance,egglog,egglog,4,20.961,203,,21,missing:classes,levenshtein-distance.egglog.stats.json+untimed-probe[nodes]:text+levenshtein-distance.egglog.stats.json
final-r6,levenshtein-distance,egglog,egglog,5,21.34,203,,21,missing:classes,levenshtein-distance.egglog.stats.json+untimed-probe[nodes]:text+levenshtein-distance.egglog.stats.json
final-r6,levenshtein-distance,egglog,egglog,6,21.271,203,,21,missing:classes,levenshtein-distance.egglog.stats.json+untimed-probe[nodes]:text+levenshtein-distance.egglog.stats.json
final-r6,levenshtein-distance,egglog,egglog,7,21.174,203,,21,missing:classes,levenshtein-distance.egglog.stats.json+untimed-probe[nodes]:text+levenshtein-distance.egglog.stats.json
final-r6,levenshtein-distance,egglog,egglog,8,21.18,203,,21,missing:classes,levenshtein-distance.egglog.stats.json+untimed-probe[nodes]:text+levenshtein-distance.egglog.stats.json
final-r6,levenshtein-distance,egglog,egglog,9,23.908,203,,21,missing:classes,levenshtein-distance.egglog.stats.json+untimed-probe[nodes]:text+levenshtein-distance.egglog.stats.json
final-r6,levenshtein-distance,egglog,egglog,10,23.376,203,,21,missing:classes,levenshtein-distance.egglog.stats.json+untimed-probe[nodes]:text+levenshtein-distance.egglog.stats.json
final-r6,levenshtein-distance,ours,rules-naive,1,11.46,511,52,28,complete,text+levenshtein-distance.rules.stats.json
final-r6,levenshtein-distance,ours,rules-naive,2,12.607,511,52,28,complete,text+levenshtein-distance.rules.stats.json
final-r6,levenshtein-distance,ours,rules-naive,3,10.94,511,52,28,complete,text+levenshtein-distance.rules.stats.json
final-r6,levenshtein-distance,ours,rules-naive,4,11.7,511,52,28,complete,text+levenshtein-distance.rules.stats.json
final-r6,levenshtein-distance,ours,rules-naive,5,12.602,511,52,28,complete,text+levenshtein-distance.rules.stats.json
final-r6,levenshtein-distance,ours,rules-naive,6,11.436,511,52,28,complete,text+levenshtein-distance.rules.stats.json
final-r6,levenshtein-distance,ours,rules-naive,7,12.038,511,52,28,complete,text+levenshtein-distance.rules.stats.json
final-r6,levenshtein-distance,ours,rules-naive,8,12.505,511,52,28,complete,text+levenshtein-distance.rules.stats.json
final-r6,levenshtein-distance,ours,rules-naive,9,11.853,511,52,28,complete,text+levenshtein-distance.rules.stats.json
final-r6,levenshtein-distance,ours,rules-naive,10,14.027,511,52,28,complete,text+levenshtein-distance.rules.stats.json
final-r6,levenshtein-distance,ours,rules-semi,1,11.966,511,52,28,complete,text+levenshtein-distance.rules.stats.json
final-r6,levenshtein-distance,ours,rules-semi,2,11.816,511,52,28,complete,text+levenshtein-distance.rules.stats.json
final-r6,levenshtein-distance,ours,rules-semi,3,11.684,511,52,28,complete,text+levenshtein-distance.rules.stats.json
final-r6,levenshtein-distance,ours,rules-semi,4,11.907,511,52,28,complete,text+levenshtein-distance.rules.stats.json
final-r6,levenshtein-distance,ours,rules-semi,5,11.804,511,52,28,complete,text+levenshtein-distance.rules.stats.json
final-r6,levenshtein-distance,ours,rules-semi,6,11.45,511,52,28,complete,text+levenshtein-distance.rules.stats.json
final-r6,levenshtein-distance,ours,rules-semi,7,11.392,511,52,28,complete,text+levenshtein-distance.rules.stats.json
final-r6,levenshtein-distance,ours,rules-semi,8,11.346,511,52,28,complete,text+levenshtein-distance.rules.stats.json
final-r6,levenshtein-distance,ours,rules-semi,9,11.48,511,52,28,complete,text+levenshtein-distance.rules.stats.json
final-r6,levenshtein-distance,ours,rules-semi,10,11.04,511,52,28,complete,text+levenshtein-distance.rules.stats.json
final-r6,math-add-ac,egglog,egglog,1,13.486,1939,,7,missing:classes,math-add-ac.egglog.stats.json+untimed-probe[nodes]:text+math-add-ac.egglog.stats.json
final-r6,math-add-ac,egglog,egglog,2,13.798,1939,,7,missing:classes,math-add-ac.egglog.stats.json+untimed-probe[nodes]:text+math-add-ac.egglog.stats.json
final-r6,math-add-ac,egglog,egglog,3,13.677,1939,,7,missing:classes,math-add-ac.egglog.stats.json+untimed-probe[nodes]:text+math-add-ac.egglog.stats.json
final-r6,math-add-ac,egglog,egglog,4,13.281,1939,,7,missing:classes,math-add-ac.egglog.stats.json+untimed-probe[nodes]:text+math-add-ac.egglog.stats.json
final-r6,math-add-ac,egglog,egglog,5,12.706,1939,,7,missing:classes,math-add-ac.egglog.stats.json+untimed-probe[nodes]:text+math-add-ac.egglog.stats.json
final-r6,math-add-ac,egglog,egglog,6,13.125,1939,,7,missing:classes,math-add-ac.egglog.stats.json+untimed-probe[nodes]:text+math-add-ac.egglog.stats.json
final-r6,math-add-ac,egglog,egglog,7,12.802,1939,,7,missing:classes,math-add-ac.egglog.stats.json+untimed-probe[nodes]:text+math-add-ac.egglog.stats.json
final-r6,math-add-ac,egglog,egglog,8,13.299,1939,,7,missing:classes,math-add-ac.egglog.stats.json+untimed-probe[nodes]:text+math-add-ac.egglog.stats.json
final-r6,math-add-ac,egglog,egglog,9,13.506,1939,,7,missing:classes,math-add-ac.egglog.stats.json+untimed-probe[nodes]:text+math-add-ac.egglog.stats.json
final-r6,math-add-ac,egglog,egglog,10,12.496,1939,,7,missing:classes,math-add-ac.egglog.stats.json+untimed-probe[nodes]:text+math-add-ac.egglog.stats.json
final-r6,math-add-ac,ours,rules-naive,1,12.547,3317,159,7,complete,text+math-add-ac.rules.stats.json
final-r6,math-add-ac,ours,rules-naive,2,12.173,3317,159,7,complete,text+math-add-ac.rules.stats.json
final-r6,math-add-ac,ours,rules-naive,3,14.183,3317,159,7,complete,text+math-add-ac.rules.stats.json
final-r6,math-add-ac,ours,rules-naive,4,12.952,3317,159,7,complete,text+math-add-ac.rules.stats.json
final-r6,math-add-ac,ours,rules-naive,5,12.084,3317,159,7,complete,text+math-add-ac.rules.stats.json
final-r6,math-add-ac,ours,rules-naive,6,12.103,3317,159,7,complete,text+math-add-ac.rules.stats.json
final-r6,math-add-ac,ours,rules-naive,7,12.315,3317,159,7,complete,text+math-add-ac.rules.stats.json
final-r6,math-add-ac,ours,rules-naive,8,12.084,3317,159,7,complete,text+math-add-ac.rules.stats.json
final-r6,math-add-ac,ours,rules-naive,9,12.649,3317,159,7,complete,text+math-add-ac.rules.stats.json
final-r6,math-add-ac,ours,rules-naive,10,12.34,3317,159,7,complete,text+math-add-ac.rules.stats.json
final-r6,math-add-ac,ours,rules-semi,1,12.994,3366,136,7,complete,text+math-add-ac.rules.stats.json
final-r6,math-add-ac,ours,rules-semi,2,12.695,3366,136,7,complete,text+math-add-ac.rules.stats.json
final-r6,math-add-ac,ours,rules-semi,3,15.847,3366,136,7,complete,text+math-add-ac.rules.stats.json
final-r6,math-add-ac,ours,rules-semi,4,12.705,3366,136,7,complete,text+math-add-ac.rules.stats.json
final-r6,math-add-ac,ours,rules-semi,5,13.124,3366,136,7,complete,text+math-add-ac.rules.stats.json
final-r6,math-add-ac,ours,rules-semi,6,13.98,3366,136,7,complete,text+math-add-ac.rules.stats.json
final-r6,math-add-ac,ours,rules-semi,7,13.363,3366,136,7,complete,text+math-add-ac.rules.stats.json
final-r6,math-add-ac,ours,rules-semi,8,12.745,3366,136,7,complete,text+math-add-ac.rules.stats.json
final-r6,math-add-ac,ours,rules-semi,9,13.183,3366,136,7,complete,text+math-add-ac.rules.stats.json
final-r6,math-add-ac,ours,rules-semi,10,13.555,3366,136,7,complete,text+math-add-ac.rules.stats.json
final-r6,math-add-ac,ours,native-naive,1,8.104,25,25,1,complete,text+math-add-ac.native.stats.json
final-r6,math-add-ac,ours,native-naive,2,8.187,25,25,1,complete,text+math-add-ac.native.stats.json
final-r6,math-add-ac,ours,native-naive,3,8.425,25,25,1,complete,text+math-add-ac.native.stats.json
final-r6,math-add-ac,ours,native-naive,4,7.436,25,25,1,complete,text+math-add-ac.native.stats.json
final-r6,math-add-ac,ours,native-naive,5,7.151,25,25,1,complete,text+math-add-ac.native.stats.json
final-r6,math-add-ac,ours,native-naive,6,7.125,25,25,1,complete,text+math-add-ac.native.stats.json
final-r6,math-add-ac,ours,native-naive,7,7.313,25,25,1,complete,text+math-add-ac.native.stats.json
final-r6,math-add-ac,ours,native-naive,8,7.203,25,25,1,complete,text+math-add-ac.native.stats.json
final-r6,math-add-ac,ours,native-naive,9,7.118,25,25,1,complete,text+math-add-ac.native.stats.json
final-r6,math-add-ac,ours,native-naive,10,8.182,25,25,1,complete,text+math-add-ac.native.stats.json
final-r6,math-add-ac,ours,native-semi,1,7.236,25,25,1,complete,text+math-add-ac.native.stats.json
final-r6,math-add-ac,ours,native-semi,2,7.701,25,25,1,complete,text+math-add-ac.native.stats.json
final-r6,math-add-ac,ours,native-semi,3,7.63,25,25,1,complete,text+math-add-ac.native.stats.json
final-r6,math-add-ac,ours,native-semi,4,7.272,25,25,1,complete,text+math-add-ac.native.stats.json
final-r6,math-add-ac,ours,native-semi,5,7.197,25,25,1,complete,text+math-add-ac.native.stats.json
final-r6,math-add-ac,ours,native-semi,6,7.887,25,25,1,complete,text+math-add-ac.native.stats.json
final-r6,math-add-ac,ours,native-semi,7,7.78,25,25,1,complete,text+math-add-ac.native.stats.json
final-r6,math-add-ac,ours,native-semi,8,7.319,25,25,1,complete,text+math-add-ac.native.stats.json
final-r6,math-add-ac,ours,native-semi,9,7.505,25,25,1,complete,text+math-add-ac.native.stats.json
final-r6,math-add-ac,ours,native-semi,10,7.64,25,25,1,complete,text+math-add-ac.native.stats.json
final-r6,math-microbenchmark,egglog,egglog,1,385.617,1047896,,11,missing:classes,math-microbenchmark.egglog.stats.json+untimed-probe[nodes]:text+math-microbenchmark.egglog.stats.json
final-r6,math-microbenchmark,egglog,egglog,2,368.007,1047896,,11,missing:classes,math-microbenchmark.egglog.stats.json+untimed-probe[nodes]:text+math-microbenchmark.egglog.stats.json
final-r6,math-microbenchmark,egglog,egglog,3,371.068,1047896,,11,missing:classes,math-microbenchmark.egglog.stats.json+untimed-probe[nodes]:text+math-microbenchmark.egglog.stats.json
final-r6,math-microbenchmark,egglog,egglog,4,372.513,1047896,,11,missing:classes,math-microbenchmark.egglog.stats.json+untimed-probe[nodes]:text+math-microbenchmark.egglog.stats.json
final-r6,math-microbenchmark,egglog,egglog,5,369.263,1047896,,11,missing:classes,math-microbenchmark.egglog.stats.json+untimed-probe[nodes]:text+math-microbenchmark.egglog.stats.json
final-r6,math-microbenchmark,egglog,egglog,6,395.927,1047896,,11,missing:classes,math-microbenchmark.egglog.stats.json+untimed-probe[nodes]:text+math-microbenchmark.egglog.stats.json
final-r6,math-microbenchmark,egglog,egglog,7,366.184,1047896,,11,missing:classes,math-microbenchmark.egglog.stats.json+untimed-probe[nodes]:text+math-microbenchmark.egglog.stats.json
final-r6,math-microbenchmark,egglog,egglog,8,402.565,1047896,,11,missing:classes,math-microbenchmark.egglog.stats.json+untimed-probe[nodes]:text+math-microbenchmark.egglog.stats.json
final-r6,math-microbenchmark,egglog,egglog,9,365.781,1047896,,11,missing:classes,math-microbenchmark.egglog.stats.json+untimed-probe[nodes]:text+math-microbenchmark.egglog.stats.json
final-r6,math-microbenchmark,egglog,egglog,10,381.323,1047896,,11,missing:classes,math-microbenchmark.egglog.stats.json+untimed-probe[nodes]:text+math-microbenchmark.egglog.stats.json
final-r6,math-microbenchmark,ours,rules-naive,1,380.545,1233013,507995,11,complete,text+math-microbenchmark.rules.stats.json
final-r6,math-microbenchmark,ours,rules-naive,2,388.641,1233013,507995,11,complete,text+math-microbenchmark.rules.stats.json
final-r6,math-microbenchmark,ours,rules-naive,3,417.173,1233013,507995,11,complete,text+math-microbenchmark.rules.stats.json
final-r6,math-microbenchmark,ours,rules-naive,4,393.242,1233013,507995,11,complete,text+math-microbenchmark.rules.stats.json
final-r6,math-microbenchmark,ours,rules-naive,5,422.769,1233013,507995,11,complete,text+math-microbenchmark.rules.stats.json
final-r6,math-microbenchmark,ours,rules-naive,6,417.099,1233013,507995,11,complete,text+math-microbenchmark.rules.stats.json
final-r6,math-microbenchmark,ours,rules-naive,7,399.329,1233013,507995,11,complete,text+math-microbenchmark.rules.stats.json
final-r6,math-microbenchmark,ours,rules-naive,8,387.728,1233013,507995,11,complete,text+math-microbenchmark.rules.stats.json
final-r6,math-microbenchmark,ours,rules-naive,9,391.045,1233013,507995,11,complete,text+math-microbenchmark.rules.stats.json
final-r6,math-microbenchmark,ours,rules-naive,10,420.117,1233013,507995,11,complete,text+math-microbenchmark.rules.stats.json
final-r6,math-microbenchmark,ours,rules-semi,1,1174.84,1248629,515353,11,complete,text+math-microbenchmark.rules.stats.json
final-r6,math-microbenchmark,ours,rules-semi,2,1166.297,1248629,515353,11,complete,text+math-microbenchmark.rules.stats.json
final-r6,math-microbenchmark,ours,rules-semi,3,1140.437,1248629,515353,11,complete,text+math-microbenchmark.rules.stats.json
final-r6,math-microbenchmark,ours,rules-semi,4,1213.119,1248629,515353,11,complete,text+math-microbenchmark.rules.stats.json
final-r6,math-microbenchmark,ours,rules-semi,5,1215.46,1248629,515353,11,complete,text+math-microbenchmark.rules.stats.json
final-r6,math-microbenchmark,ours,rules-semi,6,1160.972,1248629,515353,11,complete,text+math-microbenchmark.rules.stats.json
final-r6,math-microbenchmark,ours,rules-semi,7,1151.584,1248629,515353,11,complete,text+math-microbenchmark.rules.stats.json
final-r6,math-microbenchmark,ours,rules-semi,8,1158.94,1248629,515353,11,complete,text+math-microbenchmark.rules.stats.json
final-r6,math-microbenchmark,ours,rules-semi,9,1164.208,1248629,515353,11,complete,text+math-microbenchmark.rules.stats.json
final-r6,math-microbenchmark,ours,rules-semi,10,1249.467,1248629,515353,11,complete,text+math-microbenchmark.rules.stats.json
final-r6,math-microbenchmark,ours,native-naive,1,379.134,755926,446915,11,complete,text+math-microbenchmark.native.stats.json
final-r6,math-microbenchmark,ours,native-naive,2,366.281,755926,446915,11,complete,text+math-microbenchmark.native.stats.json
final-r6,math-microbenchmark,ours,native-naive,3,347.583,755926,446915,11,complete,text+math-microbenchmark.native.stats.json
final-r6,math-microbenchmark,ours,native-naive,4,360.268,755926,446915,11,complete,text+math-microbenchmark.native.stats.json
final-r6,math-microbenchmark,ours,native-naive,5,369.996,755926,446915,11,complete,text+math-microbenchmark.native.stats.json
final-r6,math-microbenchmark,ours,native-naive,6,369.918,755926,446915,11,complete,text+math-microbenchmark.native.stats.json
final-r6,math-microbenchmark,ours,native-naive,7,375.075,755926,446915,11,complete,text+math-microbenchmark.native.stats.json
final-r6,math-microbenchmark,ours,native-naive,8,374.582,755926,446915,11,complete,text+math-microbenchmark.native.stats.json
final-r6,math-microbenchmark,ours,native-naive,9,375.358,755926,446915,11,complete,text+math-microbenchmark.native.stats.json
final-r6,math-microbenchmark,ours,native-naive,10,377.79,755926,446915,11,complete,text+math-microbenchmark.native.stats.json
final-r6,math-microbenchmark,ours,native-semi,1,354.478,755917,446915,11,complete,text+math-microbenchmark.native.stats.json
final-r6,math-microbenchmark,ours,native-semi,2,354.985,755917,446915,11,complete,text+math-microbenchmark.native.stats.json
final-r6,math-microbenchmark,ours,native-semi,3,376.975,755917,446915,11,complete,text+math-microbenchmark.native.stats.json
final-r6,math-microbenchmark,ours,native-semi,4,364.964,755917,446915,11,complete,text+math-microbenchmark.native.stats.json
final-r6,math-microbenchmark,ours,native-semi,5,369.55,755917,446915,11,complete,text+math-microbenchmark.native.stats.json
final-r6,math-microbenchmark,ours,native-semi,6,375.247,755917,446915,11,complete,text+math-microbenchmark.native.stats.json
final-r6,math-microbenchmark,ours,native-semi,7,369.822,755917,446915,11,complete,text+math-microbenchmark.native.stats.json
final-r6,math-microbenchmark,ours,native-semi,8,383.679,755917,446915,11,complete,text+math-microbenchmark.native.stats.json
final-r6,math-microbenchmark,ours,native-semi,9,356.801,755917,446915,11,complete,text+math-microbenchmark.native.stats.json
final-r6,math-microbenchmark,ours,native-semi,10,357.359,755917,446915,11,complete,text+math-microbenchmark.native.stats.json
final-r6,matrix,egglog,egglog,1,24.032,53,,13,missing:classes,matrix.egglog.stats.json+untimed-probe[nodes]:text+matrix.egglog.stats.json
final-r6,matrix,egglog,egglog,2,29.743,53,,13,missing:classes,matrix.egglog.stats.json+untimed-probe[nodes]:text+matrix.egglog.stats.json
final-r6,matrix,egglog,egglog,3,30.06,53,,13,missing:classes,matrix.egglog.stats.json+untimed-probe[nodes]:text+matrix.egglog.stats.json
final-r6,matrix,egglog,egglog,4,28.683,53,,13,missing:classes,matrix.egglog.stats.json+untimed-probe[nodes]:text+matrix.egglog.stats.json
final-r6,matrix,egglog,egglog,5,33.084,53,,13,missing:classes,matrix.egglog.stats.json+untimed-probe[nodes]:text+matrix.egglog.stats.json
final-r6,matrix,egglog,egglog,6,23.902,53,,13,missing:classes,matrix.egglog.stats.json+untimed-probe[nodes]:text+matrix.egglog.stats.json
final-r6,matrix,egglog,egglog,7,27.263,53,,13,missing:classes,matrix.egglog.stats.json+untimed-probe[nodes]:text+matrix.egglog.stats.json
final-r6,matrix,egglog,egglog,8,27.529,53,,13,missing:classes,matrix.egglog.stats.json+untimed-probe[nodes]:text+matrix.egglog.stats.json
final-r6,matrix,egglog,egglog,9,28.228,53,,13,missing:classes,matrix.egglog.stats.json+untimed-probe[nodes]:text+matrix.egglog.stats.json
final-r6,matrix,egglog,egglog,10,30.788,53,,13,missing:classes,matrix.egglog.stats.json+untimed-probe[nodes]:text+matrix.egglog.stats.json
final-r6,matrix,ours,rules-naive,1,19.348,92,25,10,complete,text+matrix.rules.stats.json
final-r6,matrix,ours,rules-naive,2,20.127,92,25,10,complete,text+matrix.rules.stats.json
final-r6,matrix,ours,rules-naive,3,15.25,92,25,10,complete,text+matrix.rules.stats.json
final-r6,matrix,ours,rules-naive,4,19.456,92,25,10,complete,text+matrix.rules.stats.json
final-r6,matrix,ours,rules-naive,5,19.727,92,25,10,complete,text+matrix.rules.stats.json
final-r6,matrix,ours,rules-naive,6,15.94,92,25,10,complete,text+matrix.rules.stats.json
final-r6,matrix,ours,rules-naive,7,21.46,92,25,10,complete,text+matrix.rules.stats.json
final-r6,matrix,ours,rules-naive,8,16.823,92,25,10,complete,text+matrix.rules.stats.json
final-r6,matrix,ours,rules-naive,9,15.793,92,25,10,complete,text+matrix.rules.stats.json
final-r6,matrix,ours,rules-naive,10,19.382,92,25,10,complete,text+matrix.rules.stats.json
final-r6,matrix,ours,rules-semi,1,22.16,91,25,4,complete,text+matrix.rules.stats.json
final-r6,matrix,ours,rules-semi,2,10.818,91,25,4,complete,text+matrix.rules.stats.json
final-r6,matrix,ours,rules-semi,3,11.356,91,25,4,complete,text+matrix.rules.stats.json
final-r6,matrix,ours,rules-semi,4,10.58,91,25,4,complete,text+matrix.rules.stats.json
final-r6,matrix,ours,rules-semi,5,10.027,91,25,4,complete,text+matrix.rules.stats.json
final-r6,matrix,ours,rules-semi,6,10.583,91,25,4,complete,text+matrix.rules.stats.json
final-r6,matrix,ours,rules-semi,7,10.862,91,25,4,complete,text+matrix.rules.stats.json
final-r6,matrix,ours,rules-semi,8,10.978,91,25,4,complete,text+matrix.rules.stats.json
final-r6,matrix,ours,rules-semi,9,11.942,91,25,4,complete,text+matrix.rules.stats.json
final-r6,matrix,ours,rules-semi,10,10.069,91,25,4,complete,text+matrix.rules.stats.json
final-r6,matrix,ours,native-naive,1,13.84,91,25,10,complete,text+matrix.native.stats.json
final-r6,matrix,ours,native-naive,2,13.83,91,25,10,complete,text+matrix.native.stats.json
final-r6,matrix,ours,native-naive,3,14.187,91,25,10,complete,text+matrix.native.stats.json
final-r6,matrix,ours,native-naive,4,15.005,91,25,10,complete,text+matrix.native.stats.json
final-r6,matrix,ours,native-naive,5,14.292,91,25,10,complete,text+matrix.native.stats.json
final-r6,matrix,ours,native-naive,6,15.022,91,25,10,complete,text+matrix.native.stats.json
final-r6,matrix,ours,native-naive,7,14.616,91,25,10,complete,text+matrix.native.stats.json
final-r6,matrix,ours,native-naive,8,13.649,91,25,10,complete,text+matrix.native.stats.json
final-r6,matrix,ours,native-naive,9,15.064,91,25,10,complete,text+matrix.native.stats.json
final-r6,matrix,ours,native-naive,10,13.427,91,25,10,complete,text+matrix.native.stats.json
final-r6,matrix,ours,native-semi,1,10.211,90,25,4,complete,text+matrix.native.stats.json
final-r6,matrix,ours,native-semi,2,10.322,90,25,4,complete,text+matrix.native.stats.json
final-r6,matrix,ours,native-semi,3,10.216,90,25,4,complete,text+matrix.native.stats.json
final-r6,matrix,ours,native-semi,4,10.299,90,25,4,complete,text+matrix.native.stats.json
final-r6,matrix,ours,native-semi,5,9.837,90,25,4,complete,text+matrix.native.stats.json
final-r6,matrix,ours,native-semi,6,10.302,90,25,4,complete,text+matrix.native.stats.json
final-r6,matrix,ours,native-semi,7,9.799,90,25,4,complete,text+matrix.native.stats.json
final-r6,matrix,ours,native-semi,8,10.789,90,25,4,complete,text+matrix.native.stats.json
final-r6,matrix,ours,native-semi,9,10.628,90,25,4,complete,text+matrix.native.stats.json
final-r6,matrix,ours,native-semi,10,10.417,90,25,4,complete,text+matrix.native.stats.json
final-r6,matrix,ours,native-A-naive,1,9.263,62,23,10,complete,text+matrix.native-A.stats.json
final-r6,matrix,ours,native-A-naive,2,9.282,62,23,10,complete,text+matrix.native-A.stats.json
final-r6,matrix,ours,native-A-naive,3,9.231,62,23,10,complete,text+matrix.native-A.stats.json
final-r6,matrix,ours,native-A-naive,4,9.999,62,23,10,complete,text+matrix.native-A.stats.json
final-r6,matrix,ours,native-A-naive,5,9.325,62,23,10,complete,text+matrix.native-A.stats.json
final-r6,matrix,ours,native-A-naive,6,10.684,62,23,10,complete,text+matrix.native-A.stats.json
final-r6,matrix,ours,native-A-naive,7,11.005,62,23,10,complete,text+matrix.native-A.stats.json
final-r6,matrix,ours,native-A-naive,8,9.887,62,23,10,complete,text+matrix.native-A.stats.json
final-r6,matrix,ours,native-A-naive,9,9.093,62,23,10,complete,text+matrix.native-A.stats.json
final-r6,matrix,ours,native-A-naive,10,9.773,62,23,10,complete,text+matrix.native-A.stats.json
final-r6,matrix,ours,native-A-semi,1,8.786,62,23,3,complete,text+matrix.native-A.stats.json
final-r6,matrix,ours,native-A-semi,2,8.408,62,23,3,complete,text+matrix.native-A.stats.json
final-r6,matrix,ours,native-A-semi,3,8.732,62,23,3,complete,text+matrix.native-A.stats.json
final-r6,matrix,ours,native-A-semi,4,9.728,62,23,3,complete,text+matrix.native-A.stats.json
final-r6,matrix,ours,native-A-semi,5,8.325,62,23,3,complete,text+matrix.native-A.stats.json
final-r6,matrix,ours,native-A-semi,6,9.507,62,23,3,complete,text+matrix.native-A.stats.json
final-r6,matrix,ours,native-A-semi,7,8.661,62,23,3,complete,text+matrix.native-A.stats.json
final-r6,matrix,ours,native-A-semi,8,8.486,62,23,3,complete,text+matrix.native-A.stats.json
final-r6,matrix,ours,native-A-semi,9,9.291,62,23,3,complete,text+matrix.native-A.stats.json
final-r6,matrix,ours,native-A-semi,10,8.515,62,23,3,complete,text+matrix.native-A.stats.json
final-r6,resolution,egglog,egglog,1,12.491,10,,4,missing:classes,resolution.egglog.stats.json+untimed-probe[nodes]:text+resolution.egglog.stats.json
final-r6,resolution,egglog,egglog,2,12.764,10,,4,missing:classes,resolution.egglog.stats.json+untimed-probe[nodes]:text+resolution.egglog.stats.json
final-r6,resolution,egglog,egglog,3,13.0,10,,4,missing:classes,resolution.egglog.stats.json+untimed-probe[nodes]:text+resolution.egglog.stats.json
final-r6,resolution,egglog,egglog,4,11.985,10,,4,missing:classes,resolution.egglog.stats.json+untimed-probe[nodes]:text+resolution.egglog.stats.json
final-r6,resolution,egglog,egglog,5,12.923,10,,4,missing:classes,resolution.egglog.stats.json+untimed-probe[nodes]:text+resolution.egglog.stats.json
final-r6,resolution,egglog,egglog,6,12.724,10,,4,missing:classes,resolution.egglog.stats.json+untimed-probe[nodes]:text+resolution.egglog.stats.json
final-r6,resolution,egglog,egglog,7,13.188,10,,4,missing:classes,resolution.egglog.stats.json+untimed-probe[nodes]:text+resolution.egglog.stats.json
final-r6,resolution,egglog,egglog,8,13.374,10,,4,missing:classes,resolution.egglog.stats.json+untimed-probe[nodes]:text+resolution.egglog.stats.json
final-r6,resolution,egglog,egglog,9,13.387,10,,4,missing:classes,resolution.egglog.stats.json+untimed-probe[nodes]:text+resolution.egglog.stats.json
final-r6,resolution,egglog,egglog,10,13.609,10,,4,missing:classes,resolution.egglog.stats.json+untimed-probe[nodes]:text+resolution.egglog.stats.json
final-r6,resolution,ours,rules-naive,1,9.571,72,5,4,complete,text+resolution.rules.stats.json
final-r6,resolution,ours,rules-naive,2,8.477,72,5,4,complete,text+resolution.rules.stats.json
final-r6,resolution,ours,rules-naive,3,8.524,72,5,4,complete,text+resolution.rules.stats.json
final-r6,resolution,ours,rules-naive,4,8.753,72,5,4,complete,text+resolution.rules.stats.json
final-r6,resolution,ours,rules-naive,5,8.387,72,5,4,complete,text+resolution.rules.stats.json
final-r6,resolution,ours,rules-naive,6,9.191,72,5,4,complete,text+resolution.rules.stats.json
final-r6,resolution,ours,rules-naive,7,9.58,72,5,4,complete,text+resolution.rules.stats.json
final-r6,resolution,ours,rules-naive,8,8.682,72,5,4,complete,text+resolution.rules.stats.json
final-r6,resolution,ours,rules-naive,9,8.635,72,5,4,complete,text+resolution.rules.stats.json
final-r6,resolution,ours,rules-naive,10,9.072,72,5,4,complete,text+resolution.rules.stats.json
final-r6,resolution,ours,rules-semi,1,8.702,72,5,4,complete,text+resolution.rules.stats.json
final-r6,resolution,ours,rules-semi,2,8.908,72,5,4,complete,text+resolution.rules.stats.json
final-r6,resolution,ours,rules-semi,3,10.064,72,5,4,complete,text+resolution.rules.stats.json
final-r6,resolution,ours,rules-semi,4,8.816,72,5,4,complete,text+resolution.rules.stats.json
final-r6,resolution,ours,rules-semi,5,8.705,72,5,4,complete,text+resolution.rules.stats.json
final-r6,resolution,ours,rules-semi,6,8.739,72,5,4,complete,text+resolution.rules.stats.json
final-r6,resolution,ours,rules-semi,7,8.658,72,5,4,complete,text+resolution.rules.stats.json
final-r6,resolution,ours,rules-semi,8,9.151,72,5,4,complete,text+resolution.rules.stats.json
final-r6,resolution,ours,rules-semi,9,8.869,72,5,4,complete,text+resolution.rules.stats.json
final-r6,resolution,ours,rules-semi,10,9.254,72,5,4,complete,text+resolution.rules.stats.json
final-r6,resolution,ours,native-naive,1,7.482,19,5,4,complete,text+resolution.native.stats.json
final-r6,resolution,ours,native-naive,2,8.992,19,5,4,complete,text+resolution.native.stats.json
final-r6,resolution,ours,native-naive,3,8.576,19,5,4,complete,text+resolution.native.stats.json
final-r6,resolution,ours,native-naive,4,7.78,19,5,4,complete,text+resolution.native.stats.json
final-r6,resolution,ours,native-naive,5,7.625,19,5,4,complete,text+resolution.native.stats.json
final-r6,resolution,ours,native-naive,6,7.407,19,5,4,complete,text+resolution.native.stats.json
final-r6,resolution,ours,native-naive,7,7.548,19,5,4,complete,text+resolution.native.stats.json
final-r6,resolution,ours,native-naive,8,8.057,19,5,4,complete,text+resolution.native.stats.json
final-r6,resolution,ours,native-naive,9,7.735,19,5,4,complete,text+resolution.native.stats.json
final-r6,resolution,ours,native-naive,10,7.244,19,5,4,complete,text+resolution.native.stats.json
final-r6,resolution,ours,native-semi,1,7.577,19,5,4,complete,text+resolution.native.stats.json
final-r6,resolution,ours,native-semi,2,8.704,19,5,4,complete,text+resolution.native.stats.json
final-r6,resolution,ours,native-semi,3,7.522,19,5,4,complete,text+resolution.native.stats.json
final-r6,resolution,ours,native-semi,4,7.605,19,5,4,complete,text+resolution.native.stats.json
final-r6,resolution,ours,native-semi,5,7.265,19,5,4,complete,text+resolution.native.stats.json
final-r6,resolution,ours,native-semi,6,7.428,19,5,4,complete,text+resolution.native.stats.json
final-r6,resolution,ours,native-semi,7,7.205,19,5,4,complete,text+resolution.native.stats.json
final-r6,resolution,ours,native-semi,8,7.306,19,5,4,complete,text+resolution.native.stats.json
final-r6,resolution,ours,native-semi,9,7.482,19,5,4,complete,text+resolution.native.stats.json
final-r6,resolution,ours,native-semi,10,7.279,19,5,4,complete,text+resolution.native.stats.json
final-r6,typecheck,egglog,egglog,1,13.623,42,,8,missing:classes,typecheck.egglog.stats.json+untimed-probe[nodes]:text+typecheck.egglog.stats.json
final-r6,typecheck,egglog,egglog,2,15.143,42,,8,missing:classes,typecheck.egglog.stats.json+untimed-probe[nodes]:text+typecheck.egglog.stats.json
final-r6,typecheck,egglog,egglog,3,14.172,42,,8,missing:classes,typecheck.egglog.stats.json+untimed-probe[nodes]:text+typecheck.egglog.stats.json
final-r6,typecheck,egglog,egglog,4,14.679,42,,8,missing:classes,typecheck.egglog.stats.json+untimed-probe[nodes]:text+typecheck.egglog.stats.json
final-r6,typecheck,egglog,egglog,5,15.989,42,,8,missing:classes,typecheck.egglog.stats.json+untimed-probe[nodes]:text+typecheck.egglog.stats.json
final-r6,typecheck,egglog,egglog,6,14.879,42,,8,missing:classes,typecheck.egglog.stats.json+untimed-probe[nodes]:text+typecheck.egglog.stats.json
final-r6,typecheck,egglog,egglog,7,14.314,42,,8,missing:classes,typecheck.egglog.stats.json+untimed-probe[nodes]:text+typecheck.egglog.stats.json
final-r6,typecheck,egglog,egglog,8,15.479,42,,8,missing:classes,typecheck.egglog.stats.json+untimed-probe[nodes]:text+typecheck.egglog.stats.json
final-r6,typecheck,egglog,egglog,9,16.326,42,,8,missing:classes,typecheck.egglog.stats.json+untimed-probe[nodes]:text+typecheck.egglog.stats.json
final-r6,typecheck,egglog,egglog,10,15.685,42,,8,missing:classes,typecheck.egglog.stats.json+untimed-probe[nodes]:text+typecheck.egglog.stats.json
final-r6,typecheck,ours,rules-naive,1,10.338,73,27,15,complete,text+typecheck.rules.stats.json
final-r6,typecheck,ours,rules-naive,2,8.763,73,27,15,complete,text+typecheck.rules.stats.json
final-r6,typecheck,ours,rules-naive,3,8.312,73,27,15,complete,text+typecheck.rules.stats.json
final-r6,typecheck,ours,rules-naive,4,8.789,73,27,15,complete,text+typecheck.rules.stats.json
final-r6,typecheck,ours,rules-naive,5,8.567,73,27,15,complete,text+typecheck.rules.stats.json
final-r6,typecheck,ours,rules-naive,6,8.585,73,27,15,complete,text+typecheck.rules.stats.json
final-r6,typecheck,ours,rules-naive,7,8.528,73,27,15,complete,text+typecheck.rules.stats.json
final-r6,typecheck,ours,rules-naive,8,8.605,73,27,15,complete,text+typecheck.rules.stats.json
final-r6,typecheck,ours,rules-naive,9,8.636,73,27,15,complete,text+typecheck.rules.stats.json
final-r6,typecheck,ours,rules-naive,10,8.829,73,27,15,complete,text+typecheck.rules.stats.json
final-r6,typecheck,ours,rules-semi,1,9.301,62,27,15,complete,text+typecheck.rules.stats.json
final-r6,typecheck,ours,rules-semi,2,9.308,62,27,15,complete,text+typecheck.rules.stats.json
final-r6,typecheck,ours,rules-semi,3,9.662,62,27,15,complete,text+typecheck.rules.stats.json
final-r6,typecheck,ours,rules-semi,4,8.803,62,27,15,complete,text+typecheck.rules.stats.json
final-r6,typecheck,ours,rules-semi,5,8.706,62,27,15,complete,text+typecheck.rules.stats.json
final-r6,typecheck,ours,rules-semi,6,9.142,62,27,15,complete,text+typecheck.rules.stats.json
final-r6,typecheck,ours,rules-semi,7,8.739,62,27,15,complete,text+typecheck.rules.stats.json
final-r6,typecheck,ours,rules-semi,8,8.779,62,27,15,complete,text+typecheck.rules.stats.json
final-r6,typecheck,ours,rules-semi,9,9.072,62,27,15,complete,text+typecheck.rules.stats.json
final-r6,typecheck,ours,rules-semi,10,11.959,62,27,15,complete,text+typecheck.rules.stats.json
final-r6,until,egglog,egglog,1,11.893,28,,3,missing:classes,until.egglog.stats.json+untimed-probe[nodes]:text+until.egglog.stats.json
final-r6,until,egglog,egglog,2,11.773,28,,3,missing:classes,until.egglog.stats.json+untimed-probe[nodes]:text+until.egglog.stats.json
final-r6,until,egglog,egglog,3,11.5,28,,3,missing:classes,until.egglog.stats.json+untimed-probe[nodes]:text+until.egglog.stats.json
final-r6,until,egglog,egglog,4,12.178,28,,3,missing:classes,until.egglog.stats.json+untimed-probe[nodes]:text+until.egglog.stats.json
final-r6,until,egglog,egglog,5,12.006,28,,3,missing:classes,until.egglog.stats.json+untimed-probe[nodes]:text+until.egglog.stats.json
final-r6,until,egglog,egglog,6,13.526,28,,3,missing:classes,until.egglog.stats.json+untimed-probe[nodes]:text+until.egglog.stats.json
final-r6,until,egglog,egglog,7,11.749,28,,3,missing:classes,until.egglog.stats.json+untimed-probe[nodes]:text+until.egglog.stats.json
final-r6,until,egglog,egglog,8,11.987,28,,3,missing:classes,until.egglog.stats.json+untimed-probe[nodes]:text+until.egglog.stats.json
final-r6,until,egglog,egglog,9,11.944,28,,3,missing:classes,until.egglog.stats.json+untimed-probe[nodes]:text+until.egglog.stats.json
final-r6,until,egglog,egglog,10,11.664,28,,3,missing:classes,until.egglog.stats.json+untimed-probe[nodes]:text+until.egglog.stats.json
final-r6,until,ours,rules-naive,1,8.665,52,15,3,complete,text+until.rules.stats.json
final-r6,until,ours,rules-naive,2,8.6,52,15,3,complete,text+until.rules.stats.json
final-r6,until,ours,rules-naive,3,9.694,52,15,3,complete,text+until.rules.stats.json
final-r6,until,ours,rules-naive,4,7.915,52,15,3,complete,text+until.rules.stats.json
final-r6,until,ours,rules-naive,5,7.946,52,15,3,complete,text+until.rules.stats.json
final-r6,until,ours,rules-naive,6,8.44,52,15,3,complete,text+until.rules.stats.json
final-r6,until,ours,rules-naive,7,7.683,52,15,3,complete,text+until.rules.stats.json
final-r6,until,ours,rules-naive,8,8.617,52,15,3,complete,text+until.rules.stats.json
final-r6,until,ours,rules-naive,9,7.796,52,15,3,complete,text+until.rules.stats.json
final-r6,until,ours,rules-naive,10,8.289,52,15,3,complete,text+until.rules.stats.json
final-r6,until,ours,rules-semi,1,9.66,56,13,3,complete,text+until.rules.stats.json
final-r6,until,ours,rules-semi,2,8.428,56,13,3,complete,text+until.rules.stats.json
final-r6,until,ours,rules-semi,3,8.049,56,13,3,complete,text+until.rules.stats.json
final-r6,until,ours,rules-semi,4,8.207,56,13,3,complete,text+until.rules.stats.json
final-r6,until,ours,rules-semi,5,8.017,56,13,3,complete,text+until.rules.stats.json
final-r6,until,ours,rules-semi,6,7.81,56,13,3,complete,text+until.rules.stats.json
final-r6,until,ours,rules-semi,7,8.07,56,13,3,complete,text+until.rules.stats.json
final-r6,until,ours,rules-semi,8,7.918,56,13,3,complete,text+until.rules.stats.json
final-r6,until,ours,rules-semi,9,7.98,56,13,3,complete,text+until.rules.stats.json
final-r6,until,ours,rules-semi,10,7.624,56,13,3,complete,text+until.rules.stats.json
final-r6,until,ours,native-naive,1,8.177,22,9,2,complete,text+until.native.stats.json
final-r6,until,ours,native-naive,2,7.629,22,9,2,complete,text+until.native.stats.json
final-r6,until,ours,native-naive,3,7.396,22,9,2,complete,text+until.native.stats.json
final-r6,until,ours,native-naive,4,7.571,22,9,2,complete,text+until.native.stats.json
final-r6,until,ours,native-naive,5,8.27,22,9,2,complete,text+until.native.stats.json
final-r6,until,ours,native-naive,6,7.754,22,9,2,complete,text+until.native.stats.json
final-r6,until,ours,native-naive,7,9.594,22,9,2,complete,text+until.native.stats.json
final-r6,until,ours,native-naive,8,7.965,22,9,2,complete,text+until.native.stats.json
final-r6,until,ours,native-naive,9,7.575,22,9,2,complete,text+until.native.stats.json
final-r6,until,ours,native-naive,10,7.378,22,9,2,complete,text+until.native.stats.json
final-r6,until,ours,native-semi,1,8.25,22,9,2,complete,text+until.native.stats.json
final-r6,until,ours,native-semi,2,7.696,22,9,2,complete,text+until.native.stats.json
final-r6,until,ours,native-semi,3,7.46,22,9,2,complete,text+until.native.stats.json
final-r6,until,ours,native-semi,4,7.745,22,9,2,complete,text+until.native.stats.json
final-r6,until,ours,native-semi,5,7.836,22,9,2,complete,text+until.native.stats.json
final-r6,until,ours,native-semi,6,8.22,22,9,2,complete,text+until.native.stats.json
final-r6,until,ours,native-semi,7,9.977,22,9,2,complete,text+until.native.stats.json
final-r6,until,ours,native-semi,8,7.225,22,9,2,complete,text+until.native.stats.json
final-r6,until,ours,native-semi,9,7.527,22,9,2,complete,text+until.native.stats.json
final-r6,until,ours,native-semi,10,7.647,22,9,2,complete,text+until.native.stats.json
