instance,family,params,sum_a,sum_a_capped,or_states,exact_ms,exact_size,exact_vmass,playouts,mcgs_ms,mcgs_size,mcgs_vmass,certified,hybrid_calls,hybrid_ms
wide-000,wide,d12w512;d_b=4;m=2;gap=1;k=1,3145736,false,3145749,929.038,30,2,1,502.419,30,2,false,1,0.049
wide-000,wide,d12w512;d_b=4;m=2;gap=1;k=1,3145736,false,3145749,929.038,30,2,2,499.149,30,2,false,1,0.043
wide-000,wide,d12w512;d_b=4;m=2;gap=1;k=1,3145736,false,3145749,929.038,30,2,4,502.169,30,2,false,1,0.040
wide-000,wide,d12w512;d_b=4;m=2;gap=1;k=1,3145736,false,3145749,929.038,30,2,8,510.535,30,2,false,1,0.045
wide-000,wide,d12w512;d_b=4;m=2;gap=1;k=1,3145736,false,3145749,929.038,30,2,16,530.755,30,2,false,1,0.037
wide-000,wide,d12w512;d_b=4;m=2;gap=1;k=1,3145736,false,3145749,929.038,30,2,32,560.195,30,2,false,1,0.038
wide-000,wide,d12w512;d_b=4;m=2;gap=1;k=1,3145736,false,3145749,929.038,30,2,64,631.750,30,2,false,1,0.035
wide-000,wide,d12w512;d_b=4;m=2;gap=1;k=1,3145736,false,3145749,929.038,30,2,128,791.434,30,2,false,1,0.035
wide-000,wide,d12w512;d_b=4;m=2;gap=1;k=1,3145736,false,3145749,929.038,30,2,256,1056.826,30,2,false,1,0.039
wide-000,wide,d12w512;d_b=4;m=2;gap=1;k=1,3145736,false,3145749,929.038,30,2,512,1612.663,30,2,false,1,0.036
wide-000,wide,d12w512;d_b=4;m=2;gap=1;k=1,3145736,false,3145749,929.038,30,2,1024,2760.910,30,2,false,1,0.040
wide-000,wide,d12w512;d_b=4;m=2;gap=1;k=1,3145736,false,3145749,929.038,30,2,2048,5030.720,30,2,false,1,0.041
wide-000,wide,d12w512;d_b=4;m=2;gap=1;k=1,3145736,false,3145749,929.038,30,2,4096,9537.729,30,2,false,1,0.041
wide-000,wide,d12w512;d_b=4;m=2;gap=1;k=1,3145736,false,3145749,929.038,30,2,8192,18716.403,30,2,false,1,0.044
width-00,width,d16w256,1048576,false,1048593,218.882,34,2,1,154.173,34,2,false,1,0.009
width-00,width,d16w256,1048576,false,1048593,218.882,34,2,2,151.869,34,2,false,1,0.008
width-00,width,d16w256,1048576,false,1048593,218.882,34,2,4,154.859,34,2,false,1,0.007
width-00,width,d16w256,1048576,false,1048593,218.882,34,2,8,156.417,34,2,false,1,0.008
width-00,width,d16w256,1048576,false,1048593,218.882,34,2,16,161.630,34,2,false,1,0.007
width-00,width,d16w256,1048576,false,1048593,218.882,34,2,32,170.058,34,2,false,1,0.006
width-00,width,d16w256,1048576,false,1048593,218.882,34,2,64,188.633,34,2,false,1,0.009
width-00,width,d16w256,1048576,false,1048593,218.882,34,2,128,219.291,34,2,false,1,0.006
width-00,width,d16w256,1048576,false,1048593,218.882,34,2,256,286.368,34,2,false,1,0.009
width-00,width,d16w256,1048576,false,1048593,218.882,34,2,512,479.579,34,2,false,1,0.008
width-00,width,d16w256,1048576,false,1048593,218.882,34,2,1024,982.205,34,2,false,1,0.008
width-00,width,d16w256,1048576,false,1048593,218.882,34,2,2048,2497.576,34,2,false,1,0.007
width-00,width,d16w256,1048576,false,1048593,218.882,34,2,4096,7850.316,34,2,true,1,0.007
width-00,width,d16w256,1048576,false,1048593,218.882,34,2,8192,7912.444,34,2,true,1,0.009
width-00,width,d16w256,1048576,false,1048593,218.882,34,2,16384,7830.974,34,2,true,1,0.008
ac-00,ac,m128c12,16384,false,19601,655.074,15,2,1,1839.869,15,2,false,1,0.009
ac-00,ac,m128c12,16384,false,19601,655.074,15,2,2,1823.813,15,2,false,1,0.009
ac-00,ac,m128c12,16384,false,19601,655.074,15,2,4,1827.959,15,2,false,1,0.009
ac-00,ac,m128c12,16384,false,19601,655.074,15,2,8,1824.300,15,2,false,1,0.008
ac-00,ac,m128c12,16384,false,19601,655.074,15,2,16,1829.818,15,2,false,1,0.009
ac-00,ac,m128c12,16384,false,19601,655.074,15,2,32,1827.061,15,2,false,1,0.009
ac-00,ac,m128c12,16384,false,19601,655.074,15,2,64,1836.646,15,2,false,1,0.008
ac-00,ac,m128c12,16384,false,19601,655.074,15,2,128,1871.432,15,2,true,1,0.009
ac-00,ac,m128c12,16384,false,19601,655.074,15,2,256,1840.684,15,2,true,1,0.008
ac-00,ac,m128c12,16384,false,19601,655.074,15,2,512,1863.898,15,2,true,1,0.010
ac-00,ac,m128c12,16384,false,19601,655.074,15,2,1024,1875.644,15,2,true,1,0.009
ac-00,ac,m128c12,16384,false,19601,655.074,15,2,2048,1842.001,15,2,true,1,0.009
ac-00,ac,m128c12,16384,false,19601,655.074,15,2,4096,1880.879,15,2,true,1,0.010
ac-00,ac,m128c12,16384,false,19601,655.074,15,2,8192,1857.869,15,2,true,1,0.008
wide-001,wide,d12w512;d_b=8;m=2;gap=2;k=2,3145752,false,3145765,917.207,34,2,1,500.541,37,12,false,1,0.010
wide-001,wide,d12w512;d_b=8;m=2;gap=2;k=2,3145752,false,3145765,917.207,34,2,2,498.581,37,12,false,1,0.009
wide-001,wide,d12w512;d_b=8;m=2;gap=2;k=2,3145752,false,3145765,917.207,34,2,4,501.274,37,12,false,1,0.007
wide-001,wide,d12w512;d_b=8;m=2;gap=2;k=2,3145752,false,3145765,917.207,34,2,8,509.128,37,12,false,1,0.008
wide-001,wide,d12w512;d_b=8;m=2;gap=2;k=2,3145752,false,3145765,917.207,34,2,16,528.217,37,12,false,1,0.009
wide-001,wide,d12w512;d_b=8;m=2;gap=2;k=2,3145752,false,3145765,917.207,34,2,32,563.075,37,12,false,1,0.008
wide-001,wide,d12w512;d_b=8;m=2;gap=2;k=2,3145752,false,3145765,917.207,34,2,64,633.644,37,12,false,1,0.008
wide-001,wide,d12w512;d_b=8;m=2;gap=2;k=2,3145752,false,3145765,917.207,34,2,128,769.712,37,12,false,1,0.007
wide-001,wide,d12w512;d_b=8;m=2;gap=2;k=2,3145752,false,3145765,917.207,34,2,256,1056.854,37,12,false,1,0.007
wide-001,wide,d12w512;d_b=8;m=2;gap=2;k=2,3145752,false,3145765,917.207,34,2,512,1612.377,37,12,false,1,0.014
wide-001,wide,d12w512;d_b=8;m=2;gap=2;k=2,3145752,false,3145765,917.207,34,2,1024,2729.832,37,12,false,1,0.007
wide-001,wide,d12w512;d_b=8;m=2;gap=2;k=2,3145752,false,3145765,917.207,34,2,2048,4967.742,37,12,false,1,0.009
wide-001,wide,d12w512;d_b=8;m=2;gap=2;k=2,3145752,false,3145765,917.207,34,2,4096,9517.020,37,12,false,1,0.009
wide-001,wide,d12w512;d_b=8;m=2;gap=2;k=2,3145752,false,3145765,917.207,34,2,8192,18819.173,37,12,false,1,0.010
width-01,width,d16w512,4194304,true,4000000,930.107,34,2,1,653.833,34,2,false,1,0.009
width-01,width,d16w512,4194304,true,4000000,930.107,34,2,2,654.333,34,2,false,1,0.009
width-01,width,d16w512,4194304,true,4000000,930.107,34,2,4,658.106,34,2,false,1,0.006
width-01,width,d16w512,4194304,true,4000000,930.107,34,2,8,658.288,34,2,false,1,0.009
width-01,width,d16w512,4194304,true,4000000,930.107,34,2,16,684.691,34,2,false,1,0.009
width-01,width,d16w512,4194304,true,4000000,930.107,34,2,32,718.217,34,2,false,1,0.008
width-01,width,d16w512,4194304,true,4000000,930.107,34,2,64,776.091,34,2,false,1,0.006
width-01,width,d16w512,4194304,true,4000000,930.107,34,2,128,915.003,34,2,false,1,0.006
width-01,width,d16w512,4194304,true,4000000,930.107,34,2,256,1182.854,34,2,false,1,0.008
width-01,width,d16w512,4194304,true,4000000,930.107,34,2,512,1714.222,34,2,false,1,0.010
width-01,width,d16w512,4194304,true,4000000,930.107,34,2,1024,3169.884,34,2,false,1,0.009
width-01,width,d16w512,4194304,true,4000000,930.107,34,2,2048,6992.255,34,2,false,1,0.008
width-01,width,d16w512,4194304,true,4000000,930.107,34,2,4096,18905.968,34,2,false,1,0.009
ac-01,ac,m128c16,16384,false,20737,918.584,19,2,1,2764.613,19,2,false,1,0.010
ac-01,ac,m128c16,16384,false,20737,918.584,19,2,2,2728.860,19,2,false,1,0.010
ac-01,ac,m128c16,16384,false,20737,918.584,19,2,4,2824.999,19,2,false,1,0.010
ac-01,ac,m128c16,16384,false,20737,918.584,19,2,8,2775.811,19,2,false,1,0.008
ac-01,ac,m128c16,16384,false,20737,918.584,19,2,16,2758.642,19,2,false,1,0.010
ac-01,ac,m128c16,16384,false,20737,918.584,19,2,32,2770.512,19,2,false,1,0.008
ac-01,ac,m128c16,16384,false,20737,918.584,19,2,64,2802.672,19,2,false,1,0.009
ac-01,ac,m128c16,16384,false,20737,918.584,19,2,128,2794.637,19,2,true,1,0.009
ac-01,ac,m128c16,16384,false,20737,918.584,19,2,256,2779.841,19,2,true,1,0.010
wide-002,wide,d12w512;d_b=12;m=3;gap=6;k=2,3145764,false,3145778,902.761,50,2,1,490.975,57,32,false,1,0.008
wide-002,wide,d12w512;d_b=12;m=3;gap=6;k=2,3145764,false,3145778,902.761,50,2,2,496.255,57,32,false,1,0.008
wide-002,wide,d12w512;d_b=12;m=3;gap=6;k=2,3145764,false,3145778,902.761,50,2,4,500.238,57,32,false,1,0.008
wide-002,wide,d12w512;d_b=12;m=3;gap=6;k=2,3145764,false,3145778,902.761,50,2,8,507.509,57,32,false,1,0.009
wide-002,wide,d12w512;d_b=12;m=3;gap=6;k=2,3145764,false,3145778,902.761,50,2,16,527.255,57,32,false,1,0.009
wide-002,wide,d12w512;d_b=12;m=3;gap=6;k=2,3145764,false,3145778,902.761,50,2,32,564.764,57,32,false,1,0.008
wide-002,wide,d12w512;d_b=12;m=3;gap=6;k=2,3145764,false,3145778,902.761,50,2,64,629.827,57,32,false,1,0.009
wide-002,wide,d12w512;d_b=12;m=3;gap=6;k=2,3145764,false,3145778,902.761,50,2,128,767.744,57,32,false,1,0.007
wide-002,wide,d12w512;d_b=12;m=3;gap=6;k=2,3145764,false,3145778,902.761,50,2,256,1050.694,57,32,false,1,0.009
wide-002,wide,d12w512;d_b=12;m=3;gap=6;k=2,3145764,false,3145778,902.761,50,2,512,1608.257,57,32,false,1,0.009
wide-002,wide,d12w512;d_b=12;m=3;gap=6;k=2,3145764,false,3145778,902.761,50,2,1024,2739.843,57,32,false,1,0.008
wide-002,wide,d12w512;d_b=12;m=3;gap=6;k=2,3145764,false,3145778,902.761,50,2,2048,5053.990,57,32,false,1,0.009
wide-002,wide,d12w512;d_b=12;m=3;gap=6;k=2,3145764,false,3145778,902.761,50,2,4096,9689.948,57,32,false,1,0.008
wide-002,wide,d12w512;d_b=12;m=3;gap=6;k=2,3145764,false,3145778,902.761,50,2,8192,18661.716,57,32,false,1,0.010
width-02,width,d16w1024,16777216,true,4000000,5259.985,34,2,1,3976.562,34,2,false,1,0.018
width-02,width,d16w1024,16777216,true,4000000,5259.985,34,2,2,4005.214,34,2,false,1,0.022
width-02,width,d16w1024,16777216,true,4000000,5259.985,34,2,4,4027.656,34,2,false,1,0.017
width-02,width,d16w1024,16777216,true,4000000,5259.985,34,2,8,4017.185,34,2,false,1,0.017
width-02,width,d16w1024,16777216,true,4000000,5259.985,34,2,16,3928.403,34,2,false,1,0.009
width-02,width,d16w1024,16777216,true,4000000,5259.985,34,2,32,4021.576,34,2,false,1,0.017
width-02,width,d16w1024,16777216,true,4000000,5259.985,34,2,64,4375.211,34,2,false,1,0.015
ac-02,ac,m128c24,16384,false,23105,1666.491,27,2,1,5347.847,27,2,false,1,0.010
ac-02,ac,m128c24,16384,false,23105,1666.491,27,2,2,5401.150,27,2,false,1,0.009
ac-02,ac,m128c24,16384,false,23105,1666.491,27,2,4,5375.838,27,2,false,1,0.009
ac-02,ac,m128c24,16384,false,23105,1666.491,27,2,8,5422.207,27,2,false,1,0.010
ac-02,ac,m128c24,16384,false,23105,1666.491,27,2,16,5255.858,27,2,false,1,0.014
wide-003,wide,d12w512;d_b=16;m=5;gap=2;k=4,3145808,false,3145822,944.235,90,2,1,501.160,93,68,false,1,0.007
wide-003,wide,d12w512;d_b=16;m=5;gap=2;k=4,3145808,false,3145822,944.235,90,2,2,506.321,93,68,false,1,0.009
wide-003,wide,d12w512;d_b=16;m=5;gap=2;k=4,3145808,false,3145822,944.235,90,2,4,506.921,93,68,false,1,0.007
wide-003,wide,d12w512;d_b=16;m=5;gap=2;k=4,3145808,false,3145822,944.235,90,2,8,515.092,93,68,false,1,0.008
wide-003,wide,d12w512;d_b=16;m=5;gap=2;k=4,3145808,false,3145822,944.235,90,2,16,541.364,93,68,false,1,0.009
wide-003,wide,d12w512;d_b=16;m=5;gap=2;k=4,3145808,false,3145822,944.235,90,2,32,571.443,93,68,false,1,0.007
wide-003,wide,d12w512;d_b=16;m=5;gap=2;k=4,3145808,false,3145822,944.235,90,2,64,636.856,93,68,false,1,0.008
wide-003,wide,d12w512;d_b=16;m=5;gap=2;k=4,3145808,false,3145822,944.235,90,2,128,777.604,93,68,false,1,0.008
wide-003,wide,d12w512;d_b=16;m=5;gap=2;k=4,3145808,false,3145822,944.235,90,2,256,1057.571,93,68,false,1,0.007
wide-003,wide,d12w512;d_b=16;m=5;gap=2;k=4,3145808,false,3145822,944.235,90,2,512,1612.276,93,68,false,1,0.009
wide-003,wide,d12w512;d_b=16;m=5;gap=2;k=4,3145808,false,3145822,944.235,90,2,1024,2778.826,93,68,false,1,0.008
wide-003,wide,d12w512;d_b=16;m=5;gap=2;k=4,3145808,false,3145822,944.235,90,2,2048,5103.307,93,68,false,1,0.009
wide-003,wide,d12w512;d_b=16;m=5;gap=2;k=4,3145808,false,3145822,944.235,90,2,4096,9610.842,93,68,false,1,0.009
wide-003,wide,d12w512;d_b=16;m=5;gap=2;k=4,3145808,false,3145822,944.235,90,2,8192,18956.651,93,68,false,1,0.009
width-03,width,d24w256,1572864,false,1572889,322.992,50,2,1,231.459,50,2,false,1,0.008
width-03,width,d24w256,1572864,false,1572889,322.992,50,2,2,226.928,50,2,false,1,0.010
width-03,width,d24w256,1572864,false,1572889,322.992,50,2,4,227.181,50,2,false,1,0.009
width-03,width,d24w256,1572864,false,1572889,322.992,50,2,8,231.938,50,2,false,1,0.008
width-03,width,d24w256,1572864,false,1572889,322.992,50,2,16,233.457,50,2,false,1,0.006
width-03,width,d24w256,1572864,false,1572889,322.992,50,2,32,244.955,50,2,false,1,0.006
width-03,width,d24w256,1572864,false,1572889,322.992,50,2,64,261.174,50,2,false,1,0.008
width-03,width,d24w256,1572864,false,1572889,322.992,50,2,128,296.784,50,2,false,1,0.008
width-03,width,d24w256,1572864,false,1572889,322.992,50,2,256,362.629,50,2,false,1,0.010
width-03,width,d24w256,1572864,false,1572889,322.992,50,2,512,572.434,50,2,false,1,0.008
width-03,width,d24w256,1572864,false,1572889,322.992,50,2,1024,1063.661,50,2,false,1,0.008
width-03,width,d24w256,1572864,false,1572889,322.992,50,2,2048,2575.556,50,2,false,1,0.009
width-03,width,d24w256,1572864,false,1572889,322.992,50,2,4096,7875.692,50,2,false,1,0.010
width-03,width,d24w256,1572864,false,1572889,322.992,50,2,8192,16072.773,50,2,true,1,0.010
ac-03,ac,m192c12,36864,false,41617,2424.707,15,2,1,6041.221,15,2,false,1,0.010
ac-03,ac,m192c12,36864,false,41617,2424.707,15,2,2,6012.381,15,2,false,1,0.010
ac-03,ac,m192c12,36864,false,41617,2424.707,15,2,4,6050.290,15,2,false,1,0.010
ac-03,ac,m192c12,36864,false,41617,2424.707,15,2,8,6133.732,15,2,false,1,0.009
ac-03,ac,m192c12,36864,false,41617,2424.707,15,2,16,6219.795,15,2,false,1,0.010
wide-004,wide,d16w512;d_b=4;m=2;gap=1;k=1,4194312,true,4000000,1282.442,38,2,1,671.256,38,2,false,1,0.036
wide-004,wide,d16w512;d_b=4;m=2;gap=1;k=1,4194312,true,4000000,1282.442,38,2,2,690.723,38,2,false,1,0.039
wide-004,wide,d16w512;d_b=4;m=2;gap=1;k=1,4194312,true,4000000,1282.442,38,2,4,683.854,38,2,false,1,0.038
wide-004,wide,d16w512;d_b=4;m=2;gap=1;k=1,4194312,true,4000000,1282.442,38,2,8,680.476,38,2,false,1,0.038
wide-004,wide,d16w512;d_b=4;m=2;gap=1;k=1,4194312,true,4000000,1282.442,38,2,16,701.088,38,2,false,1,0.037
wide-004,wide,d16w512;d_b=4;m=2;gap=1;k=1,4194312,true,4000000,1282.442,38,2,32,732.095,38,2,false,1,0.038
wide-004,wide,d16w512;d_b=4;m=2;gap=1;k=1,4194312,true,4000000,1282.442,38,2,64,798.880,38,2,false,1,0.039
wide-004,wide,d16w512;d_b=4;m=2;gap=1;k=1,4194312,true,4000000,1282.442,38,2,128,1005.675,38,2,false,1,0.036
wide-004,wide,d16w512;d_b=4;m=2;gap=1;k=1,4194312,true,4000000,1282.442,38,2,256,1334.743,38,2,false,1,0.040
wide-004,wide,d16w512;d_b=4;m=2;gap=1;k=1,4194312,true,4000000,1282.442,38,2,512,1889.674,38,2,false,1,0.039
wide-004,wide,d16w512;d_b=4;m=2;gap=1;k=1,4194312,true,4000000,1282.442,38,2,1024,2955.999,38,2,false,1,0.034
wide-004,wide,d16w512;d_b=4;m=2;gap=1;k=1,4194312,true,4000000,1282.442,38,2,2048,5285.764,38,2,false,1,0.037
wide-004,wide,d16w512;d_b=4;m=2;gap=1;k=1,4194312,true,4000000,1282.442,38,2,4096,9889.411,38,2,false,1,0.037
width-04,width,d24w512,6291456,true,4000000,1400.999,50,2,1,999.144,50,2,false,1,0.010
width-04,width,d24w512,6291456,true,4000000,1400.999,50,2,2,1009.968,50,2,false,1,0.009
width-04,width,d24w512,6291456,true,4000000,1400.999,50,2,4,989.140,50,2,false,1,0.008
width-04,width,d24w512,6291456,true,4000000,1400.999,50,2,8,995.238,50,2,false,1,0.010
width-04,width,d24w512,6291456,true,4000000,1400.999,50,2,16,1012.777,50,2,false,1,0.009
width-04,width,d24w512,6291456,true,4000000,1400.999,50,2,32,1044.992,50,2,false,1,0.010
width-04,width,d24w512,6291456,true,4000000,1400.999,50,2,64,1118.021,50,2,false,1,0.008
width-04,width,d24w512,6291456,true,4000000,1400.999,50,2,128,1248.976,50,2,false,1,0.009
width-04,width,d24w512,6291456,true,4000000,1400.999,50,2,256,1526.987,50,2,false,1,0.011
width-04,width,d24w512,6291456,true,4000000,1400.999,50,2,512,2059.248,50,2,false,1,0.010
width-04,width,d24w512,6291456,true,4000000,1400.999,50,2,1024,3513.281,50,2,false,1,0.008
width-04,width,d24w512,6291456,true,4000000,1400.999,50,2,2048,7612.212,50,2,false,1,0.010
width-04,width,d24w512,6291456,true,4000000,1400.999,50,2,4096,20110.583,50,2,false,1,0.009
ac-04,ac,m192c16,36864,false,43265,3078.171,19,2,1,8466.569,19,2,false,1,0.009
ac-04,ac,m192c16,36864,false,43265,3078.171,19,2,2,8415.242,19,2,false,1,0.010
ac-04,ac,m192c16,36864,false,43265,3078.171,19,2,4,8421.496,19,2,false,1,0.010
wide-005,wide,d16w512;d_b=8;m=2;gap=2;k=2,4194328,true,4000000,1250.573,42,2,1,667.793,45,12,false,1,0.008
wide-005,wide,d16w512;d_b=8;m=2;gap=2;k=2,4194328,true,4000000,1250.573,42,2,2,661.124,45,12,false,1,0.008
wide-005,wide,d16w512;d_b=8;m=2;gap=2;k=2,4194328,true,4000000,1250.573,42,2,4,669.266,45,12,false,1,0.009
wide-005,wide,d16w512;d_b=8;m=2;gap=2;k=2,4194328,true,4000000,1250.573,42,2,8,675.004,45,12,false,1,0.008
wide-005,wide,d16w512;d_b=8;m=2;gap=2;k=2,4194328,true,4000000,1250.573,42,2,16,690.246,45,12,false,1,0.008
wide-005,wide,d16w512;d_b=8;m=2;gap=2;k=2,4194328,true,4000000,1250.573,42,2,32,725.465,45,12,false,1,0.008
wide-005,wide,d16w512;d_b=8;m=2;gap=2;k=2,4194328,true,4000000,1250.573,42,2,64,801.884,45,12,false,1,0.008
wide-005,wide,d16w512;d_b=8;m=2;gap=2;k=2,4194328,true,4000000,1250.573,42,2,128,941.071,45,12,false,1,0.009
wide-005,wide,d16w512;d_b=8;m=2;gap=2;k=2,4194328,true,4000000,1250.573,42,2,256,1222.214,45,12,false,1,0.008
wide-005,wide,d16w512;d_b=8;m=2;gap=2;k=2,4194328,true,4000000,1250.573,42,2,512,1800.336,45,12,false,1,0.008
wide-005,wide,d16w512;d_b=8;m=2;gap=2;k=2,4194328,true,4000000,1250.573,42,2,1024,2906.295,45,12,false,1,0.008
wide-005,wide,d16w512;d_b=8;m=2;gap=2;k=2,4194328,true,4000000,1250.573,42,2,2048,5257.262,45,12,false,1,0.009
wide-005,wide,d16w512;d_b=8;m=2;gap=2;k=2,4194328,true,4000000,1250.573,42,2,4096,9724.032,45,12,false,1,0.008
width-05,width,d24w1024,25165824,true,4000000,7858.508,50,2,1,5876.796,50,2,false,1,0.012
width-05,width,d24w1024,25165824,true,4000000,7858.508,50,2,2,5658.432,50,2,false,1,0.021
width-05,width,d24w1024,25165824,true,4000000,7858.508,50,2,4,5850.851,50,2,false,1,0.014
width-05,width,d24w1024,25165824,true,4000000,7858.508,50,2,8,5941.286,50,2,false,1,0.016
width-05,width,d24w1024,25165824,true,4000000,7858.508,50,2,16,5872.407,50,2,false,1,0.020
ac-05,ac,m192c24,36864,false,46657,6531.980,27,2,1,17883.535,27,2,false,1,0.009
ac-05,ac,m192c24,36864,false,46657,6531.980,27,2,2,17719.514,27,2,false,1,0.008
wide-006,wide,d16w512;d_b=12;m=3;gap=6;k=2,4194340,true,4000000,1225.405,58,2,1,650.096,65,32,false,1,0.009
wide-006,wide,d16w512;d_b=12;m=3;gap=6;k=2,4194340,true,4000000,1225.405,58,2,2,647.866,65,32,false,1,0.008
wide-006,wide,d16w512;d_b=12;m=3;gap=6;k=2,4194340,true,4000000,1225.405,58,2,4,648.309,65,32,false,1,0.008
wide-006,wide,d16w512;d_b=12;m=3;gap=6;k=2,4194340,true,4000000,1225.405,58,2,8,656.060,65,32,false,1,0.008
wide-006,wide,d16w512;d_b=12;m=3;gap=6;k=2,4194340,true,4000000,1225.405,58,2,16,677.075,65,32,false,1,0.009
wide-006,wide,d16w512;d_b=12;m=3;gap=6;k=2,4194340,true,4000000,1225.405,58,2,32,717.651,65,32,false,1,0.008
wide-006,wide,d16w512;d_b=12;m=3;gap=6;k=2,4194340,true,4000000,1225.405,58,2,64,780.352,65,32,false,1,0.008
wide-006,wide,d16w512;d_b=12;m=3;gap=6;k=2,4194340,true,4000000,1225.405,58,2,128,928.222,65,32,false,1,0.008
wide-006,wide,d16w512;d_b=12;m=3;gap=6;k=2,4194340,true,4000000,1225.405,58,2,256,1201.706,65,32,false,1,0.009
wide-006,wide,d16w512;d_b=12;m=3;gap=6;k=2,4194340,true,4000000,1225.405,58,2,512,1759.179,65,32,false,1,0.008
wide-006,wide,d16w512;d_b=12;m=3;gap=6;k=2,4194340,true,4000000,1225.405,58,2,1024,2878.816,65,32,false,1,0.008
wide-006,wide,d16w512;d_b=12;m=3;gap=6;k=2,4194340,true,4000000,1225.405,58,2,2048,5112.642,65,32,false,1,0.008
wide-006,wide,d16w512;d_b=12;m=3;gap=6;k=2,4194340,true,4000000,1225.405,58,2,4096,9605.603,65,32,false,1,0.008
width-06,width,d32w256,2097152,false,2097185,428.185,66,2,1,303.610,66,2,false,1,0.007
width-06,width,d32w256,2097152,false,2097185,428.185,66,2,2,303.470,66,2,false,1,0.007
width-06,width,d32w256,2097152,false,2097185,428.185,66,2,4,304.561,66,2,false,1,0.007
width-06,width,d32w256,2097152,false,2097185,428.185,66,2,8,306.484,66,2,false,1,0.006
width-06,width,d32w256,2097152,false,2097185,428.185,66,2,16,313.496,66,2,false,1,0.008
width-06,width,d32w256,2097152,false,2097185,428.185,66,2,32,318.037,66,2,false,1,0.005
width-06,width,d32w256,2097152,false,2097185,428.185,66,2,64,338.756,66,2,false,1,0.006
width-06,width,d32w256,2097152,false,2097185,428.185,66,2,128,368.994,66,2,false,1,0.006
width-06,width,d32w256,2097152,false,2097185,428.185,66,2,256,441.375,66,2,false,1,0.005
width-06,width,d32w256,2097152,false,2097185,428.185,66,2,512,633.425,66,2,false,1,0.006
width-06,width,d32w256,2097152,false,2097185,428.185,66,2,1024,1155.027,66,2,false,1,0.008
width-06,width,d32w256,2097152,false,2097185,428.185,66,2,2048,2694.853,66,2,false,1,0.006
width-06,width,d32w256,2097152,false,2097185,428.185,66,2,4096,7796.705,66,2,false,1,0.005
width-06,width,d32w256,2097152,false,2097185,428.185,66,2,8192,26812.322,66,2,true,1,0.009
ac-06,ac,m256c12,65536,false,71825,6926.363,15,2,1,16012.087,15,2,false,1,0.009
ac-06,ac,m256c12,65536,false,71825,6926.363,15,2,2,15869.251,15,2,false,1,0.008
wide-007,wide,d16w512;d_b=16;m=5;gap=2;k=4,4194384,true,4000000,1238.891,98,2,1,657.781,101,68,false,1,0.010
wide-007,wide,d16w512;d_b=16;m=5;gap=2;k=4,4194384,true,4000000,1238.891,98,2,2,650.429,101,68,false,1,0.008
wide-007,wide,d16w512;d_b=16;m=5;gap=2;k=4,4194384,true,4000000,1238.891,98,2,4,651.673,101,68,false,1,0.008
wide-007,wide,d16w512;d_b=16;m=5;gap=2;k=4,4194384,true,4000000,1238.891,98,2,8,669.422,101,68,false,1,0.007
wide-007,wide,d16w512;d_b=16;m=5;gap=2;k=4,4194384,true,4000000,1238.891,98,2,16,682.040,101,68,false,1,0.008
wide-007,wide,d16w512;d_b=16;m=5;gap=2;k=4,4194384,true,4000000,1238.891,98,2,32,717.863,101,68,false,1,0.007
wide-007,wide,d16w512;d_b=16;m=5;gap=2;k=4,4194384,true,4000000,1238.891,98,2,64,788.489,101,68,false,1,0.007
wide-007,wide,d16w512;d_b=16;m=5;gap=2;k=4,4194384,true,4000000,1238.891,98,2,128,925.345,101,68,false,1,0.009
wide-007,wide,d16w512;d_b=16;m=5;gap=2;k=4,4194384,true,4000000,1238.891,98,2,256,1200.883,101,68,false,1,0.008
wide-007,wide,d16w512;d_b=16;m=5;gap=2;k=4,4194384,true,4000000,1238.891,98,2,512,1767.079,101,68,false,1,0.008
wide-007,wide,d16w512;d_b=16;m=5;gap=2;k=4,4194384,true,4000000,1238.891,98,2,1024,2886.459,101,68,false,1,0.007
wide-007,wide,d16w512;d_b=16;m=5;gap=2;k=4,4194384,true,4000000,1238.891,98,2,2048,5100.249,101,68,false,1,0.008
wide-007,wide,d16w512;d_b=16;m=5;gap=2;k=4,4194384,true,4000000,1238.891,98,2,4096,9620.876,101,68,false,1,0.008
width-07,width,d32w512,8388608,true,4000000,1821.288,66,2,1,1287.205,66,2,false,1,0.011
width-07,width,d32w512,8388608,true,4000000,1821.288,66,2,2,1291.588,66,2,false,1,0.009
width-07,width,d32w512,8388608,true,4000000,1821.288,66,2,4,1302.185,66,2,false,1,0.011
width-07,width,d32w512,8388608,true,4000000,1821.288,66,2,8,1303.324,66,2,false,1,0.009
width-07,width,d32w512,8388608,true,4000000,1821.288,66,2,16,1331.672,66,2,false,1,0.009
width-07,width,d32w512,8388608,true,4000000,1821.288,66,2,32,1364.087,66,2,false,1,0.009
width-07,width,d32w512,8388608,true,4000000,1821.288,66,2,64,1428.505,66,2,false,1,0.010
width-07,width,d32w512,8388608,true,4000000,1821.288,66,2,128,1556.887,66,2,false,1,0.007
width-07,width,d32w512,8388608,true,4000000,1821.288,66,2,256,1821.569,66,2,false,1,0.011
width-07,width,d32w512,8388608,true,4000000,1821.288,66,2,512,2382.139,66,2,false,1,0.009
width-07,width,d32w512,8388608,true,4000000,1821.288,66,2,1024,3822.421,66,2,false,1,0.009
width-07,width,d32w512,8388608,true,4000000,1821.288,66,2,2048,7813.417,66,2,false,1,0.009
ac-07,ac,m256c16,65536,false,73985,9576.440,19,2,1,23018.464,19,2,false,1,0.009
ac-07,ac,m256c16,65536,false,73985,9576.440,19,2,2,22639.833,19,2,false,1,0.009
wide-008,wide,d16w1024;d_b=4;m=2;gap=1;k=1,16777224,true,4000000,6255.619,38,2,1,3713.173,38,2,false,1,0.060
wide-008,wide,d16w1024;d_b=4;m=2;gap=1;k=1,16777224,true,4000000,6255.619,38,2,2,3713.327,38,2,false,1,0.057
wide-008,wide,d16w1024;d_b=4;m=2;gap=1;k=1,16777224,true,4000000,6255.619,38,2,4,3754.539,38,2,false,1,0.067
wide-008,wide,d16w1024;d_b=4;m=2;gap=1;k=1,16777224,true,4000000,6255.619,38,2,8,3769.870,38,2,false,1,0.063
wide-008,wide,d16w1024;d_b=4;m=2;gap=1;k=1,16777224,true,4000000,6255.619,38,2,16,3814.428,38,2,false,1,0.060
wide-008,wide,d16w1024;d_b=4;m=2;gap=1;k=1,16777224,true,4000000,6255.619,38,2,32,3994.419,38,2,false,1,0.063
wide-008,wide,d16w1024;d_b=4;m=2;gap=1;k=1,16777224,true,4000000,6255.619,38,2,64,4340.859,38,2,false,1,0.060
width-08,width,d32w1024,33554432,true,4000000,10260.434,66,2,1,7305.043,66,2,false,1,0.018
width-08,width,d32w1024,33554432,true,4000000,10260.434,66,2,2,7425.371,66,2,false,1,0.017
width-08,width,d32w1024,33554432,true,4000000,10260.434,66,2,4,7511.312,66,2,false,1,0.016
width-08,width,d32w1024,33554432,true,4000000,10260.434,66,2,8,7539.660,66,2,false,1,0.016
wide-009,wide,d16w1024;d_b=8;m=2;gap=2;k=2,16777240,true,4000000,5864.876,42,2,1,3322.872,45,12,false,1,0.007
wide-009,wide,d16w1024;d_b=8;m=2;gap=2;k=2,16777240,true,4000000,5864.876,42,2,2,3615.292,45,12,false,1,0.016
wide-009,wide,d16w1024;d_b=8;m=2;gap=2;k=2,16777240,true,4000000,5864.876,42,2,4,3705.808,45,12,false,1,0.013
wide-009,wide,d16w1024;d_b=8;m=2;gap=2;k=2,16777240,true,4000000,5864.876,42,2,8,3726.520,45,12,false,1,0.010
wide-009,wide,d16w1024;d_b=8;m=2;gap=2;k=2,16777240,true,4000000,5864.876,42,2,16,3766.345,45,12,false,1,0.006
wide-009,wide,d16w1024;d_b=8;m=2;gap=2;k=2,16777240,true,4000000,5864.876,42,2,32,3894.162,45,12,false,1,0.016
wide-009,wide,d16w1024;d_b=8;m=2;gap=2;k=2,16777240,true,4000000,5864.876,42,2,64,4259.091,45,12,false,1,0.015
wide-010,wide,d16w1024;d_b=12;m=3;gap=6;k=2,16777252,true,4000000,6154.442,58,2,1,3591.906,65,32,false,1,0.016
wide-010,wide,d16w1024;d_b=12;m=3;gap=6;k=2,16777252,true,4000000,6154.442,58,2,2,3594.909,65,32,false,1,0.014
wide-010,wide,d16w1024;d_b=12;m=3;gap=6;k=2,16777252,true,4000000,6154.442,58,2,4,3622.706,65,32,false,1,0.013
wide-010,wide,d16w1024;d_b=12;m=3;gap=6;k=2,16777252,true,4000000,6154.442,58,2,8,3764.126,65,32,false,1,0.016
wide-010,wide,d16w1024;d_b=12;m=3;gap=6;k=2,16777252,true,4000000,6154.442,58,2,16,3869.293,65,32,false,1,0.013
wide-010,wide,d16w1024;d_b=12;m=3;gap=6;k=2,16777252,true,4000000,6154.442,58,2,32,3995.890,65,32,false,1,0.015
wide-010,wide,d16w1024;d_b=12;m=3;gap=6;k=2,16777252,true,4000000,6154.442,58,2,64,4365.755,65,32,false,1,0.015
wide-011,wide,d16w1024;d_b=16;m=5;gap=2;k=4,16777296,true,4000000,6052.840,98,2,1,3582.981,101,68,false,1,0.007
wide-011,wide,d16w1024;d_b=16;m=5;gap=2;k=4,16777296,true,4000000,6052.840,98,2,2,3333.421,101,68,false,1,0.007
wide-011,wide,d16w1024;d_b=16;m=5;gap=2;k=4,16777296,true,4000000,6052.840,98,2,4,3825.123,101,68,false,1,0.016
wide-011,wide,d16w1024;d_b=16;m=5;gap=2;k=4,16777296,true,4000000,6052.840,98,2,8,3836.559,101,68,false,1,0.014
wide-011,wide,d16w1024;d_b=16;m=5;gap=2;k=4,16777296,true,4000000,6052.840,98,2,16,3860.453,101,68,false,1,0.012
wide-011,wide,d16w1024;d_b=16;m=5;gap=2;k=4,16777296,true,4000000,6052.840,98,2,32,4142.654,101,68,false,1,0.011
wide-011,wide,d16w1024;d_b=16;m=5;gap=2;k=4,16777296,true,4000000,6052.840,98,2,64,4325.023,101,68,false,1,0.017
wide-012,wide,d20w1024;d_b=4;m=2;gap=1;k=1,20971528,true,4000000,7565.233,46,2,1,4595.899,46,2,false,1,0.035
wide-012,wide,d20w1024;d_b=4;m=2;gap=1;k=1,20971528,true,4000000,7565.233,46,2,2,4547.113,46,2,false,1,0.037
wide-012,wide,d20w1024;d_b=4;m=2;gap=1;k=1,20971528,true,4000000,7565.233,46,2,4,4618.510,46,2,false,1,0.036
wide-012,wide,d20w1024;d_b=4;m=2;gap=1;k=1,20971528,true,4000000,7565.233,46,2,8,4238.468,46,2,false,1,0.036
wide-012,wide,d20w1024;d_b=4;m=2;gap=1;k=1,20971528,true,4000000,7565.233,46,2,16,4268.488,46,2,false,1,0.034
wide-012,wide,d20w1024;d_b=4;m=2;gap=1;k=1,20971528,true,4000000,7565.233,46,2,32,4722.426,46,2,false,1,0.064
wide-013,wide,d20w1024;d_b=8;m=2;gap=2;k=2,20971544,true,4000000,7612.013,50,2,1,4415.526,53,12,false,1,0.016
wide-013,wide,d20w1024;d_b=8;m=2;gap=2;k=2,20971544,true,4000000,7612.013,50,2,2,4583.951,53,12,false,1,0.017
wide-013,wide,d20w1024;d_b=8;m=2;gap=2;k=2,20971544,true,4000000,7612.013,50,2,4,4657.782,53,12,false,1,0.013
wide-013,wide,d20w1024;d_b=8;m=2;gap=2;k=2,20971544,true,4000000,7612.013,50,2,8,4668.652,53,12,false,1,0.018
wide-013,wide,d20w1024;d_b=8;m=2;gap=2;k=2,20971544,true,4000000,7612.013,50,2,16,4866.870,53,12,false,1,0.016
wide-013,wide,d20w1024;d_b=8;m=2;gap=2;k=2,20971544,true,4000000,7612.013,50,2,32,5099.294,53,12,false,1,0.016
wide-014,wide,d20w1024;d_b=12;m=3;gap=6;k=2,20971556,true,4000000,7320.178,66,2,1,4650.271,73,32,false,1,0.016
wide-014,wide,d20w1024;d_b=12;m=3;gap=6;k=2,20971556,true,4000000,7320.178,66,2,2,4374.708,73,32,false,1,0.012
wide-014,wide,d20w1024;d_b=12;m=3;gap=6;k=2,20971556,true,4000000,7320.178,66,2,4,4589.564,73,32,false,1,0.010
wide-014,wide,d20w1024;d_b=12;m=3;gap=6;k=2,20971556,true,4000000,7320.178,66,2,8,4625.204,73,32,false,1,0.015
wide-014,wide,d20w1024;d_b=12;m=3;gap=6;k=2,20971556,true,4000000,7320.178,66,2,16,4835.543,73,32,false,1,0.019
wide-014,wide,d20w1024;d_b=12;m=3;gap=6;k=2,20971556,true,4000000,7320.178,66,2,32,4935.628,73,32,false,1,0.017
wide-015,wide,d20w1024;d_b=16;m=5;gap=2;k=4,20971600,true,4000000,7712.465,106,2,1,4627.247,109,68,false,1,0.017
wide-015,wide,d20w1024;d_b=16;m=5;gap=2;k=4,20971600,true,4000000,7712.465,106,2,2,4590.540,109,68,false,1,0.017
wide-015,wide,d20w1024;d_b=16;m=5;gap=2;k=4,20971600,true,4000000,7712.465,106,2,4,4676.542,109,68,false,1,0.012
wide-015,wide,d20w1024;d_b=16;m=5;gap=2;k=4,20971600,true,4000000,7712.465,106,2,8,4703.757,109,68,false,1,0.013
wide-015,wide,d20w1024;d_b=16;m=5;gap=2;k=4,20971600,true,4000000,7712.465,106,2,16,4759.967,109,68,false,1,0.016
wide-015,wide,d20w1024;d_b=16;m=5;gap=2;k=4,20971600,true,4000000,7712.465,106,2,32,4833.881,109,68,false,1,0.016
